Row Labels,Sum of amount p$
BROAD INSTITUTE,14722638
UNITED STATES,14722638
IOWA STATE UNIV,7822462
UNITED STATES,7822462
PHARMAPAC LTD,4231514
IRELAND,4231514
WEYBRIDGE WOODHAM LANE,3531043
UNITED KINGDOM,3531043
BAYER CORP,3527092
UNITED STATES,3527092
CHINA ANIMAL HUSBANDRY GROUP,1742258
CHINA,1742258
GEZONDHEIDSDIENST VOOR DIEREN,1476376
NETHERLANDS,1476376
MONSANTO CO,1421139
UNITED STATES,1421139
UNIV OF MINNESOTA,1403638
UNITED STATES,1403638
VALIO OY,1370388
FINLAND,1370388
COVETO LIMOGES,1367453
FRANCE,1367453
CELTIC DIAGNOSTICS LTD.,1174029
IRELAND,574590
UNITED KINGDOM,599439
UNIV OF WISCONSIN MADISON,1102190
UNITED STATES,1102190
CHARLES RIVER LABORATORIES INTL INC,1036657
CANADA,1596
UNITED STATES,1035061
ALBERTA PRECISION LABORATORIES,990260
CANADA,990260
LONGPING HIGH TECH BIOTECNOLOGIA LTDA,984339
BRAZIL,984339
ASUREQUALITY AUSTRALIA PTY LTD,979967
AUSTRALIA,979967
USDA,898633
UNITED STATES,898633
KINGS COLLEGE LONDON,831802
UNITED KINGDOM,831802
SHANGHAI ZHI JIANG BIO-TECH  CO LTD,779690
CHINA,779690
IONIS PHARMACEUTICALS INC,748544
UNITED STATES,748544
LABOKLIN,735867
GERMANY,735867
VITECH DEVELOPMENT CO LTD,715459
VIETNAM,715459
GDM GENETICA DO BRASIL SA,699338
BRAZIL,699338
SMITHFIELD FOODS INC,689969
UNITED STATES,689969
USDA APHIS,637988
UNITED STATES,637988
PROQUINORTE SA,619544
SPAIN,619544
CORNELL UNIV,618160
UNITED STATES,618160
UNIV OF ALBERTA HOSPITAL,582234
CANADA,582234
UNIV OF GUELPH,551162
CANADA,551162
PATHWEST,544516
AUSTRALIA,544516
UNIV OF CALIFORNIA DAVIS,538039
UNITED STATES,538039
PRINCE OF WALES HOSPITAL,504546
HONG KONG,504546
GUANGZHOU RUIPIN BIOTECH CO LTD,495736
CHINA,495736
LABORATORIOS HIPRA,493037
SPAIN,493037
GENESEEK,470760
UNITED STATES,470760
LAB TECH INSTRUMENTACION,462365
MEXICO,462365
VETERINARY LABORATORIES AGENCY,455889
UNITED KINGDOM,455889
CANADIAN FOOD INSPECTION AGENCY,448011
CANADA,448011
EUROFINS STEINS LABORATORIUM AS,423416
DENMARK,423416
SOUTH DAKOTA STATE UNIV,422587
UNITED STATES,422587
DANISH CROWN,418402
DENMARK,418402
IOWA SELECT FARMS,405815
UNITED STATES,405815
PT ENIGMA SAINTIA SOLUSINDO,391990
INDONESIA,391990
UNIV OF GEORGIA,381406
UNITED STATES,381406
GEORGE WASHINGTON UNIV,380604
UNITED STATES,380604
MEDICAL TEST SYSTEMS INC,362785
PHILIPPINES,362785
CENTRALSTAR COOPERATIVE INC,357622
UNITED STATES,357622
MISSOURI DEPT OF AGRICULTURE,350796
UNITED STATES,350796
LDA 24,349619
FRANCE,349619
OKLAHOMA STATE UNIV,347386
UNITED STATES,347386
PFIZER INC,346945
UNITED STATES,346945
GENEPLUS CO LTD,342690
THAILAND,342690
LIVESTOCK IMPROVEMENT CORPORATION,339791
NEW ZEALAND,339791
CDC AND PREVENTION,337581
UNITED STATES,337581
ARSIA,336694
BELGIUM,336694
AMERICAN TYPE CULTURE COLLECTION,336529
UNITED STATES,336529
VETERINARY SERVICES,316367
CANADA,316367
FISHERIES AND OCEANS CANADA,312655
CANADA,312655
AFRICA BIOSYSTEMS LIMITED,310034
KENYA,310034
INSTITUT FUER KLINISCHE PRUEFUNG,308426
GERMANY,308426
ELIZABETH MACARTHUR AG INST,294171
AUSTRALIA,294171
LABORATORIOS DEL VALLE,293990
HONDURAS,293990
PURDUE UNIV,293596
UNITED STATES,293596
TEXAS A&M UNIV,289209
UNITED STATES,289209
PTC THERAPEUTICS,289088
UNITED STATES,289088
BIOFAR LABORATORIS SL,282116
SPAIN,282116
NEOGEN CORP,277033
UNITED STATES,277033
MDGENE,276168
SOUTH KOREA,276168
TÖNNIES LEBENSMITTEL GMBH & CO KG,275756
GERMANY,275756
WARDE MEDICAL LABORATORY,272218
UNITED STATES,272218
IST ZOOPROFILATTICO LEGNARO,258938
ITALY,258938
CENTER FOR AQUACULTURE TECHNOLOGIES,256036
UNITED STATES,256036
CARTHAGE VETERINARY SERVICES,251390
UNITED STATES,251390
WEATHERBYS IRELAND LAB,248248
IRELAND,248248
CONTROL TECNICO Y REPRESENTACIONES,244698
MEXICO,244698
SUISSELAB AG,237862
SWITZERLAND,237862
CSIRO,235817
AUSTRALIA,235817
LVL,227324
GERMANY,227324
DESIGN THERAPEUTICS INC,223525
UNITED STATES,223525
GSK,220211
BELGIUM,220211
GILEAD SCIENCES INC,218431
UNITED STATES,218431
TILLAMOOK CHEESE,218284
UNITED STATES,218284
BOSUNG SCIENTIFIC CO LTD,217935
SOUTH KOREA,217935
NATIONAL MILK RECORDS PLC,216290
UNITED KINGDOM,216290
IDAHO STATE DEPT OF AGRICULTURE,212439
UNITED STATES,212439
MINISTRY OF AGRICULTURE AND FOOD,210034
CANADA,210034
BC CENTRE FOR DISEASE CONTROL,205986
CANADA,205986
ACSEDIATE,201342
FRANCE,201342
Beijing Biovet Biotech Ltd,198542
CHINA,198542
MINISTRY FOR PRIMARY INDUSTRIES,197641
NEW ZEALAND,197641
ANALYSIS,196811
EGYPT,196811
LABO DEPARTEMENTAL DIJON,195010
FRANCE,195010
SC ANTISEL SELIDIS RO SRL,194790
ROMANIA,194790
PENNSYLVANIA DEPT OF AGRICULTURE,194774
UNITED STATES,194774
COLORADO STATE UNIV,194442
UNITED STATES,194442
AIM CENTRO,192967
SPAIN,192967
LABO CAEN,189286
FRANCE,189286
BIOGEN BIOTECNOLOGIA E QUIMICA LTDA,188080
BRAZIL,188080
GSP,186435
SPAIN,186435
Cahc Co. Ltd.,185621
JAPAN,185621
SOPRAVAL SPA,184707
CHILE,184707
UNIV DE LEON,181393
SPAIN,181393
BIOSISTEMI D.O.O.,179096
CROATIA,179096
UNIV OF WASHINGTON,178157
UNITED STATES,178157
"AiJi genetic (Beijing) technology co., L",177679
CHINA,177679
KANSAS STATE UNIV,176006
UNITED STATES,176006
MOVET OY,174794
FINLAND,174794
DEPT OF PRIMARY INDUSTRIES,173875
AUSTRALIA,173875
TECSA LABORATORIOS LTDA,172145
BRAZIL,172145
DAIRY AUTHORITY,171376
UNITED STATES,171376
DIERENGEZONDHEIDSZORG,170995
BELGIUM,170995
NORTH CAROLINA DEPT OF AGRICULTURE,170854
UNITED STATES,170854
IKEDA SCIENTIFIC Co. Ltd.,170402
JAPAN,170402
PRAIRIE DIAGNOSTIC SERVICES,168751
CANADA,168751
GORGAS INSTITUTO CONMEMORATIVO,167528
PANAMA,167528
IST ZOOPROFILATTICO FUORNI,166251
ITALY,166251
IST ZOOPROFILATTICO TERAMO,164616
ITALY,164616
CERBA INTERNACIONAL,161486
SPAIN,161486
AZ Science Co. Ltd.,159937
JAPAN,159937
INRAE CLERMONT FERRAND,159694
FRANCE,159694
OHIO DEPT OF AGRICULTURE,158882
UNITED STATES,158882
AXIVETLABLTD,158353
UNITED KINGDOM,158353
RHENIUM LIMITED,155528
ISRAEL,155528
UNIV OF MISSOURI,153867
UNITED STATES,153867
PROXIMED LTD,150399
MAURITIUS,150399
INFINNOMED ENTERPRISE,147244
PHILIPPINES,147244
USDA NCAH,146783
UNITED STATES,146783
SCOTTISH AGRICULTURAL COLLEGE,145703
UNITED KINGDOM,145703
MARICOPA COUNTY,145101
UNITED STATES,145101
SCIENSANO,143681
BELGIUM,143681
UNIV OF NEBRASKA LINCOLN,142059
UNITED STATES,142059
WASHINGTON STATE UNIV,141842
UNITED STATES,141842
BUTTERBALL LLC,140657
UNITED STATES,140657
BIORELIANCE,135905
UNITED KINGDOM,135905
LANMER OU,134259
ESTONIA,134259
UNIV OF PENNSYLVANIA,133734
UNITED STATES,133734
UNIV OF DELAWARE,131206
UNITED STATES,131206
MINISTERIO DA AGRICULTURA,130428
BRAZIL,130428
PENNSYLVANIA STATE UNIV,130012
UNITED STATES,130012
KENNEBEC RIVER BIOSCIENCES,127779
UNITED STATES,127779
EXOPOL,126906
SPAIN,126906
DR VAN HAERINGEN LABORATORIUM,126866
NETHERLANDS,126866
INTEGRATED GULFBIOSYSTEM,126838
SAUDI ARABIA,122307
UNITED ARAB EMIRATES,4531
TENNESSEE DEPT OF AGRICULTURE,126032
UNITED STATES,126032
ESR,125263
NEW ZEALAND,125263
MONTANA VETERINARY DIAGNOSTIC LABORATORY,123195
UNITED STATES,123195
AIM DIFFUSION,121898
SPAIN,121898
FAO( FOOD & AGRICULTURE ORG.OF THE UN ),121711
BANGLADESH,121711
GEORGIA POULTRY LABORATORY NETWORK,121587
UNITED STATES,121587
Nakayama Co. Ltd,120464
JAPAN,120464
ARNATAR THERAPEUTICS INC,119196
UNITED STATES,119196
IST ZOOPROFILATTICO SASSARI,116841
ITALY,116841
IST ZOOPROFILATTICO TORINO,116349
ITALY,116349
EUROFINS BIODIAGNOSTICS,115804
UNITED STATES,115804
Ieda Chemicals Co. Ltd.,115634
JAPAN,115634
DANISH MEAT ASSOCIATION,114489
DENMARK,114489
LABORATOIRE NATIONAL DE SANTE,113750
LUXEMBOURG,113750
LABO VET MONTBRISON,113023
FRANCE,113023
ALABAMA DEPT OF AGRICULTURE & INDUSTRIES,112997
UNITED STATES,112997
IRTA CRESA,112435
SPAIN,112435
UNIV OF VIRGINIA,110510
UNITED STATES,110510
OESTER AGENTUR  WIEN,109280
AUSTRIA,109280
LOUISIANA STATE UNIV,108131
UNITED STATES,108131
OREGON STATE UNIV,107626
UNITED STATES,107626
MINISTERE DE L AGRICULTURE,107176
CANADA,107176
MJOLKURSAMSALAN,106358
ICELAND,106358
CADHAM PROVINCIAL LABORATORY,105976
CANADA,105976
UNIV OF PITTSBURGH,104618
UNITED STATES,104618
HY LINE INTERNATIONAL,103842
UNITED STATES,103842
HTDS TUNISIA,103410
TUNISIA,103410
USDA ARS,102937
UNITED STATES,101923
WESTERN EUROPE OTHER,1014
BIOVET INC,102860
CANADA,102860
FUNDACAO DE DESENVOLVIMENTO DA PESQUISA,102655
BRAZIL,102655
MEDILAND HEALTHCARE DISTRIBUTORS,102102
BOTSWANA,102102
VETERINARY SCIENCES DIVISION,101501
UNITED KINGDOM,101501
VIRBAC,100603
FRANCE,100603
VIRGINIA DEPT OF AGRI AND CONSUMER SVCS,100476
UNITED STATES,100476
LAB CENTRAL DE VETERINARIA,100060
SPAIN,100060
EPROLAB,99741
GUATEMALA,99741
BAYLOR COLLEGE OF MEDICINE,99250
UNITED STATES,99250
IFM GMBH & CO KG,98408
GERMANY,98408
UNIV OF KENTUCKY,97656
UNITED STATES,97656
FADJ US,97626
UNITED STATES,97626
PIRBRIGHT INSTITUTE,97453
UNITED KINGDOM,97453
MERCK & CO INC,96669
UNITED STATES,96669
CALIFORNIA ANIMAL HEALTH AND FOOD SAFETY,94603
UNITED STATES,94603
CARGILL INC,93483
UNITED STATES,93483
FLORIDA DEPT OF AGRICULTURE,93176
UNITED STATES,93176
SEROPREG,92529
SOUTH AFRICA,92529
SNC,92302
SOUTH KOREA,92302
STAR MICRONIC DEVICES,92124
INDIA,92124
IVD GMBH,92075
GERMANY,92075
DOH BUREAU OF LABORATORIES,92062
UNITED STATES,92062
FRIEDRICH LOEFFLER INSTITUT INSEL RIEMS,91686
GERMANY,91686
LUIS PEIXOTO,91498
PORTUGAL AND MADEIRA ISLE,91498
SEIKO CO.Ltd.,91075
JAPAN,91075
WASHINGTON UNIV IN SAINT LOUIS,88863
UNITED STATES,88863
CONSELLERIA DO MEDIO RURAL,88470
SPAIN,88470
AVIAGEN INC,88161
UNITED STATES,88161
CHENGDU BAIDUOHUI TRADING CO LTD,87774
CHINA,87774
TAGACA SRL,87320
URUGUAY,87320
NSW HEALTH,86545
AUSTRALIA,86545
WYOMING STATE VETERINARY LAB,85768
UNITED STATES,85768
ZOETIS,85297
BELGIUM,14901
BRAZIL,880
UNITED STATES,69516
FOODCHAIN ID ANAL BIOTECNOLOGICAS LTDA,84384
BRAZIL,84384
CAMBRIDGE TECHNOLOGIES,84369
UNITED STATES,81319
WESTERN EUROPE OTHER,3050
AZIENDA POLICLINICO PADOVA,84141
ITALY,84141
CIRCLE H HEADQUARTERS LLC,83079
UNITED STATES,83079
UTAH STATE UNIV,82598
UNITED STATES,82598
CEVA PHYLAXIA OLTOANYAGTERMELO ZRT,81974
HUNGARY,81974
T TRIS SRL,81802
ITALY,81802
AIM SORIA,81615
SPAIN,81615
EUROFINS GENOMICS EUROPE SYNTHESIS GMBH,81590
GERMANY,81590
OVIS LABORATORI,81480
SPAIN,81480
PROVINCIAL LABORATORY FOR PUBLIC HEALTH,81219
CANADA,81219
GENOME BIOTECHNOLOGIES,79848
MOROCCO,79848
DEPT OF PRIMARY INDUSTRY & REGIONAL DEV,79829
AUSTRALIA,79829
KOREAGENE,79602
SOUTH KOREA,79602
UNIV OF CALIFORNIA RIVERSIDE,78595
UNITED STATES,78595
PROLACTA BIOSCIENCE,78441
UNITED STATES,78441
NORTH DAKOTA STATE UNIV,78354
UNITED STATES,78354
UNIKLINIK HHU DÜSSELDORF,78217
GERMANY,78217
ZENIT LAB SL,77698
SPAIN,77698
NEVADA DEPT OF AGRICULTURE,76127
UNITED STATES,76127
BOEHRINGER INGELHEIM ANIMAL HEALTH MEXIC,75883
MEXICO,75883
ROBERT KOCH INSTITUT,75634
GERMANY,75634
"GENOMICS BIOSCIENCE &TECH CO., LTD",75200
TAIWAN,75200
WORLD HEALTH ORGANIZATION,74601
CAMEROON,14408
DEMOCRATIC REPUBLIC OF CONGO,52309
FIJI,7884
LIC DIAGNOSTICS,74469
NEW ZEALAND,74469
NEW MEXICO VETERINARY DIAGNOSTIC SVCS,74282
UNITED STATES,74282
CARIBBEAN PUBLIC HEALTH AGENCY,72976
TRINIDAD AND TOBAGO,72976
NOACK MAGYARORSZAG MEZOGAZDASAGI,72892
HUNGARY,72892
ALBERTA AGRICULTURE,71983
CANADA,71983
WARD MEDIC LTD PARTNERSHIP,71628
THAILAND,71628
CEVA BIOMUNE,71343
UNITED STATES,71343
SANFER SALUD ANIMAL,70654
MEXICO,70654
SERVICIO AGRICOLA Y GANADERO,70281
CHILE,70281
WONDERFUL LABORATORIES LLC,70071
UNITED STATES,70071
MISSISSIPPI STATE UNIV,69882
UNITED STATES,69882
AFRICA BIOSYSTEMS UGANDA LTD,69074
UGANDA,69074
NUSEED AMERICAS,68659
UNITED STATES,68659
TIERGESUNDHEITSDIENST,68615
GERMANY,68615
VICTORIA HOSPITAL,68387
SAINT LUCIA,68387
LANCASTER DAIRY HERD IMPROVEMENT ASSN,68376
UNITED STATES,68376
CTRO DE INSEMINACION Y GENETICA VILET SL,67709
SPAIN,67709
OZGUN KIMYEVI MADDE TIBBI MALZEME,67538
TURKEY,67538
ST JUDE CHILDRENS RESEARCH HOSPITAL,67423
UNITED STATES,67423
WASHINGTON STATE PUBLIC HEALTH LAB,67311
UNITED STATES,67311
MARYLAND DEPT OF AGRICULTURE,67120
UNITED STATES,67120
IST ZOOPROFILATTICO PALERMO,66956
ITALY,66956
POLIMED,66332
TURKEY,66332
LABO VET ROUEN,66239
FRANCE,66239
ATS Genetech Pvt Ltd.,65975
INDIA,65975
H K MOLECULAR PATH DIAGNOSTIC CTR LTD,65765
HONG KONG,65765
LABOPAT NUZOA SLU,65358
SPAIN,65358
WAGENINGEN BIOVETERINARY RESEARCH,65268
NETHERLANDS,65268
ANIMAL PROFILING INTERNATIONAL,64998
UNITED STATES,62586
WESTERN EUROPE OTHER,2412
ANCCE LG,64900
SPAIN,64900
SHENZHEN YEZHIMA,64570
CHINA,64570
COMERCIO Y REPRESENTACIONES SA DE CV,64495
EL SALVADOR,64495
UNIV OF ARIZONA,64112
UNITED STATES,64112
FADJ UNITED KINGDOM,64095
UNITED KINGDOM,64095
UNIV OF ARKANSAS AT LITTLE ROCK,63969
UNITED STATES,63969
SERVICIO NACIONAL DE SANIDAD INOCUIDAD Y,63850
MEXICO,63850
CONSEIL BESANCON,63419
FRANCE,63419
PROMED S A,63112
PANAMA,63112
STOCKDALE PODIATRY GROUP,63024
UNITED STATES,63024
BERNHARD NOCHT INSTITUT,62485
GERMANY,62485
ECONOMIC PLANNING DIVISION,62464
SAINT VINCENT,62464
OHIO STATE UNIV,62337
UNITED STATES,62337
NEBIH,62289
HUNGARY,62289
DISTICA HF,61567
ICELAND,61567
UNIV OF ILLINOIS URBANA CHAMPAIGN,61512
UNITED STATES,61512
SEGALAB,61322
PORTUGAL AND MADEIRA ISLE,61322
MICHIGAN STATE UNIV,61285
UNITED STATES,61285
EL POZO ALIMENTACION SA,61074
SPAIN,61074
GENEX LIFE SCIENCES PVT. LTD.-NEW DELHI,61062
INDIA,61062
PROGENUS,60736
BELGIUM,60736
ANICON LABOR GMBH,60476
GERMANY,60476
PFIZER LTD,60266
IRELAND,60266
CONSEIL GENERAL DES DEUX SEVRES,60148
FRANCE,60148
ANTISEL SELIDIS BROS SA,59844
BULGARIA,59844
LAB REGIONAL DE VETERINARIA,59590
PORTUGAL AND MADEIRA ISLE,59590
INSTITUT FUER VIRUSKRANKHEITEN,58568
SWITZERLAND,58568
BIOBEST LABORATORIES LTD,57944
UNITED KINGDOM,57944
QUEENS UNIV BELFAST,57935
UNITED KINGDOM,57935
OMEGA D.O.O,57904
SLOVENIA,57904
GUANGZHOU WEIFENG BIOLOGICAL TECH CO LTD,57522
CHINA,57522
AVEYRON LABO,57495
FRANCE,57495
ARKANSAS DEPARTMENT OF AGRICULTURE,56951
UNITED STATES,56951
HEBEI MUTAI KANGHUA TRADING COMPANY,55644
CHINA,55644
OCTAPHARMA,55636
SWEDEN,55636
LDA PLOUFRAGAN,55415
FRANCE,55415
NEW JERSEY DEPT OF AGRICULTURE,54650
UNITED STATES,54650
XINLIHECHUANG (BEIJING) BIOTECH CO LTD,54438
CHINA,54438
LABO VET RENNES,54419
FRANCE,54419
IST ZOOPROFILATTICO BRESCIA,53540
ITALY,53540
INRAE BEAUCOUZE,53396
FRANCE,53396
UNIV ZÜRICH,52699
SWITZERLAND,52699
TENNESSEE DEPT OF HEALTH,52623
UNITED STATES,52623
LABORATORIO AVI MEX,52552
MEXICO,52552
VICTORIA GENERAL HOSPITAL,52400
CANADA,52400
ATGC,51777
SOUTH KOREA,51777
WONDERFUL ORCHARDS,51592
UNITED STATES,51592
LABO LONS,51563
FRANCE,51563
CARGILL,51171
SPAIN,51171
PROV VEBOND VEEZIEKTEN,50825
BELGIUM,50825
MAISONS ALFORT,50742
FRANCE,50742
GENOTYPING AUSTRALIA,50703
AUSTRALIA,50703
SOCIEDAD ADL DIAGNOSTIC CHILE SPA,50001
CHILE,50001
CALIFORNIA DEPT OF HEALTH SERVICES,49640
UNITED STATES,49640
CIRCULOGENE,49313
UNITED STATES,49313
INIAV,49272
PORTUGAL AND MADEIRA ISLE,49272
PROMOCION MEDICA HONDURAS SA DE CV,49260
HONDURAS,49260
AIM CALASPARRA,48855
SPAIN,48855
UNIVERSIDAD AUSTRAL DE CHILE,48699
CHILE,48699
FEDERACION NACIONAL DE AVICULTORES DE COLOMBIA,48461
COLOMBIA,48461
UNIV PADOVA,48442
ITALY,48442
BIOAVOTS SIA,48337
LATVIA,48337
Anatech Corporation,48325
JAPAN,48325
INSTITUTO INTERAMERICANO DE COOPERACION,48156
MEXICO,48156
LANDESKONTROLLVERBAND,47776
GERMANY,47776
Q2 SOLUTIONS,46770
UNITED STATES,46770
UNIV OF NORTH CAROLINA AT CHAPEL HILL,46709
UNITED STATES,46709
LDA 16,46637
FRANCE,46637
P4 CLINICAL LLC,46545
UNITED STATES,46545
TS LABOR,46520
HUNGARY,46520
UNIV OF ARKANSAS,45838
UNITED STATES,45838
TEXAS DEPT OF STATE HEALTH SERVICES,45837
UNITED STATES,45837
UNIV OF WYOMING,45372
UNITED STATES,45372
NEWPORT LABORATORIES INC,45147
UNITED STATES,43872
WESTERN EUROPE OTHER,1275
LNPV MALZEVILLE,44702
FRANCE,44702
OREGON DEPT OF AGRICULTURE,44536
UNITED STATES,44536
BIORELIANCE CORP,44500
UNITED STATES,44500
STATNI VETERINARNI USTAV JIHLAVA,44362
CZECH REPUBLIC,44362
WAKENYAKU CO. LTD.,44287
JAPAN,44287
IDEXX DIAVET AG,44064
SWITZERLAND,44064
EUROFINS CONVETgeneral,43828
SPAIN,43828
BIO CORPORALS-CHENNAI,43605
INDIA,43605
SVERIGES LANTBRUKSUNIV,43488
SWEDEN,43488
TYSON FOODS INC,43450
UNITED STATES,43450
ALPHA LAB,43224
CAMEROON,6890
GABON,28244
NIGER,4190
ZIMBABWE,3899
GENOMICS BIOSCIENCE &TECH,42831
TAIWAN,42831
BIOMARKETING SERVICES (M) SDN BHD,42768
MALAYSIA,42768
CALIFORNIA DEPT OF FOOD AND AGRICULTURE,42625
UNITED STATES,42625
LEIDOS BIOMEDICAL RESEARCH INC,42452
UNITED STATES,42452
EQUIPOS Y LABORATORIO DE COLOMBIA SAS,42451
COLOMBIA,42451
SCIENTIFIC LABORATORY SUPPLIES LTD,42011
KENYA,41209
NIGERIA,802
GRUPO PORCICOLA MEXICANO,41663
MEXICO,41663
SYNLABHEALTH II SA,41619
PORTUGAL AND MADEIRA ISLE,41619
UNIV OF PRETORIA,41565
SOUTH AFRICA,41565
ANTAGHNE,41522
FRANCE,41522
DEPT PRIMARY IND REGIONAL DEV,41289
AUSTRALIA,41289
CVUA STUTTGART,40999
GERMANY,40999
ARIVAC INC,40947
CANADA,40947
FOOT & ANKLE SPECIALISTS OF ARIZONA,39822
UNITED STATES,39822
OVERSEAS MARKETING CORPORATION PVT,39705
BANGLADESH,39705
TRICHLAB (PTY) LTD,39651
SOUTH AFRICA,39651
GSTS PATHOLOGY LLP,39080
UNITED KINGDOM,39080
NATIONAL PARKS BOARD HEADQUARTERS,38624
SINGAPORE,38624
VLG,38080
NETHERLANDS,38080
MICHAEL FOODS,38065
UNITED STATES,38065
IST ZOOPROFILATTICO PORTICI,38051
ITALY,38051
SEMEN CARDONA SL,37994
SPAIN,37994
KREIS STEINBURG FLEISCHHYG,37933
GERMANY,37933
AMT FÜR LEBENSMITTELSICHERHEIT,37881
SWITZERLAND,37881
LDA,37813
FRANCE,37813
SANTA CLARA VECTOR CONTROL DISTRICT,37647
UNITED STATES,37647
UNIV OF PRINCE EDWARD ISLAND,37615
CANADA,37615
INDUSTRIAL & TECHNICAL SUPPLIES LTD,36480
JAMAICA,36480
ARC ANALISIS SAS,36337
COLOMBIA,36337
LABO DEPARTEMENTAL ANALYSES MENDE,35503
FRANCE,35503
SR SCIENTIFIC,35407
UNITED STATES,35407
MEDVILLE LABS LTD,35214
TRINIDAD AND TOBAGO,35214
Ozakirika Inc.,34966
JAPAN,34966
STATENS SERUMINSTITUT,34720
DENMARK,34720
UNIV DE MONTREAL,34564
CANADA,34564
INTERVET INTERNATIONAL,34324
NETHERLANDS,34324
NEW BRUNSWICK PROVINCIAL VETERINARY LAB,34121
CANADA,34121
ACCESORIOS PARA LABORATORIOS,33964
MEXICO,33964
UNIV OF CONNECTICUT,33905
UNITED STATES,33905
USGS NATIONAL WILDLIFE HEALTH CENTER,33697
UNITED STATES,33697
LABO ANALYSE CHAUMONT,33312
FRANCE,33312
MINNESOTA POULTRY TESTING LABORATORY,33231
UNITED STATES,33231
SCI-TECH LABS,33226
UNITED KINGDOM,33226
MURRAY STATE UNIV,32945
UNITED STATES,32945
TEXAS A&M UNIV VETERINARY MEDICINE,32625
UNITED STATES,32625
MICHIGAN DEPT OF HEALTH & HUMAN SERVICES,32614
UNITED STATES,32614
EUROFINS 62,32416
FRANCE,32416
AUSTRALIAN GENOME RESEARCH FACILITY,32371
AUSTRALIA,32371
BIOGEN,32034
UNITED STATES,32034
IST ZOOPROFILATTICO PERUGIA,31798
ITALY,31798
SELECT GENETICS,31777
UNITED STATES,31777
ORANGE COUNTY VECTOR CONTROL DISTRICT,31344
UNITED STATES,31344
LABO VET MACON,31316
FRANCE,31316
EUROFINS MILK TESTING SWEDEN AB,30897
SWEDEN,30897
ACUTIS DIAGNOSTICS,30755
UNITED STATES,30755
LDA 01 BOURG EN BRESSE,30717
FRANCE,30717
EUROFINS DQCI LLC,30686
UNITED STATES,30686
HEALTH SCIENCES CENTRE,30552
CANADA,30552
WEST VIRGINIA DEPT OF AGRICULTURE,30506
UNITED STATES,30506
WHITBECK LABORATORIES INC,30259
UNITED STATES,30259
LABO ST LO,29806
FRANCE,29806
LANDESLABOR BERLIN-BRANDENBURG,29698
GERMANY,29698
LABO DEP VETERINAIRE ALIMENTAIR,29489
FRANCE,29489
UNIV BARI,29462
ITALY,29462
STATNI ZDRAVOTNI USTAV,28778
CZECH REPUBLIC,28778
MINISTRY OF HEALTH WELLNESS & ENVIRO,28752
SAINT VINCENT,28752
LINEA LIBERA UAB,28741
LITHUANIA,28741
INTERTEK TESTING SERVICES PTY LTD,28711
AUSTRALIA,28711
VRIESIT ONDERNEMINGS CC,28627
SOUTH AFRICA,28627
UNIRELAB SRL,28459
ITALY,28459
ACE LABORATORY SERVICES,28069
AUSTRALIA,28069
LLC ALT UKRAINE LTD,27843
GERMANY,4478
UKRAINE,23365
BOVET SERVICES,27824
MALAYSIA,27824
I MARKET KOREA,27683
SOUTH KOREA,27683
DAF,27395
AUSTRALIA,27395
NSW INDUSTRY AND INVESTMENT,27251
AUSTRALIA,27251
JINAN SERUSON BIOTECHNOLOGY CO LTD,27208
CHINA,27208
BIOSCISION DIAGNOSTICS,27179
CANADA,27179
INVIVO CLINICAL LTD,27117
UNITED KINGDOM,27117
EUROPEAN LIVESTOCK DIAGNOSTIC CENTER,26910
NETHERLANDS,26910
UNIVERSITETET I BERGEN,26663
NORWAY,26663
UNIV OF CALGARY,26453
CANADA,26453
FUNDO DEFESA CITRICULTURA FUNDECITRUS,26380
BRAZIL,26380
FIOCRUZ,26191
BRAZIL,26191
NEIKER,26034
SPAIN,26034
RESEARCH AND PRODUCTIVITY COUNCIL,25823
CANADA,25823
ADINATH VETERINARY PRODUCTS,25793
INDIA,25793
LABOCOR,25756
SPAIN,25756
AGROTIS SRL LGS,25683
ITALY,25683
CINCINNATI CHILDRENS HOSPITAL MED CENTER,25681
UNITED STATES,25681
CALIFORNIA DEPT OF PUBLIC HEALTH,25503
UNITED STATES,25503
INSTITUTO CIENCIAS DE LA SALUD,25471
SPAIN,25471
RIKAKEN CO. LTD.,25399
JAPAN,25399
LABO DEPARTEMENTAL ANALYSES MARSEILLE,25325
FRANCE,25325
NIH NIAID,25294
UNITED STATES,25294
GOVERNMENT SCIENTIFIC SOURCE,25219
UNITED STATES,25219
PUBLIC HEALTH AGENCY OF CANADA,25139
CANADA,25139
EUROFINS WOIPPY,25084
FRANCE,25084
INSTYTUT ZOOTECHNIKI,25080
POLAND,25080
MVZ DIAMEDIS/AMEDES,25065
GERMANY,25065
CLARKE,25028
UNITED STATES,25028
"Guangzhou Angke Biotechnology Co., Ltd.",25010
CHINA,25010
GENERATIO DR. MANZ,24975
GERMANY,24975
UNIV COMPLUTENSE MADRID,24972
SPAIN,24972
NATIONAL HEALTH LABORATORY SERVICE,24825
SOUTH AFRICA,24825
PACIFICVET LIMITED,24790
NEW ZEALAND,24790
WRAIR,24763
UNITED STATES,24763
KOREAGENE CO LTD,24733
SOUTH KOREA,24733
FADJ CHILE,24660
CHILE,24660
LABO VETERINAIRE DEPARTEMENTAL,24321
FRANCE,24321
JAMES COOK UNIV,24320
AUSTRALIA,24320
COACHELLA VALLEY MOSQUITO AND VECTOR,24201
UNITED STATES,24201
ANTISEL,24111
GREECE,24111
ENCI SERVIZI SRL,24099
ITALY,24099
FUZHOU YANGCHENG XINCHUANG TECH CO LTD,24062
CHINA,24062
CARRAMORE INTERNATIONAL LTD,23830
CONGO,8697
ETHIOPIA,4569
GHANA,2022
KENYA,5498
UNITED KINGDOM,3044
PLANT RESEARCH INTERNATIONAL,23825
NETHERLANDS,23825
BIOARTIS SRL,23814
ARGENTINA,23814
Beijing New Sun Sci & Tech Dev Co.Ltd.,23683
CHINA,23683
EUROFINS LANCASTER LABORATORIES INC,23670
UNITED STATES,23670
C  GEORGIOU (LAB SUPPLIES) LTD,23552
CYPRUS,23552
BIORELIANCE LIMITED,23543
SINGAPORE,23543
SLW BIOLAB,23525
POLAND,23525
BLUEWATER DIAGNOSTIC LABORATORY LLC,23404
UNITED STATES,17028
WESTERN EUROPE OTHER,6376
POULPHARMbvba,23369
BELGIUM,23369
VANDERBILT UNIV MEDICAL CENTER,23316
UNITED STATES,23316
UNIVERSIDAD DE CHILE,23186
CHILE,23186
LABOFARM,22957
FRANCE,22957
ANALISIS CLINICOS VETERINARIOS ZOOTECNIA,22840
SPAIN,22840
LUA KOBLENZ,22814
GERMANY,22814
FERAGEN GMBH,22765
AUSTRIA,22765
OXITEC LIMITED,22752
UNITED KINGDOM,22752
CTRO SANITAD AVICOLA CATALUNYA,22633
SPAIN,22633
CLEMSON UNIV,22430
UNITED STATES,22430
COLORADO DEPT OF AGRICULTURE,22422
UNITED STATES,22422
GUSTAVO VENEGAS REPRESENTACIONES SAS,22403
ECUADOR,22403
FIOTEC FUNDACAO PARA O DESENVOLVIMENTO,22325
BRAZIL,22325
CEVA INNOVATION CENTER GMBH,22312
GERMANY,22312
SOUTHERN RESEARCH INSTITUTE,22089
UNITED STATES,22089
GENZYME FLANDERS,22078
BELGIUM,22078
INDUSTRIAS DE NUTRICION ANIMAL SL,22047
SPAIN,22047
ACTALIA,22045
FRANCE,22045
NOACK_AU,21994
AUSTRIA,21994
MQD INSTITUT,21908
GERMANY,21908
LABO ARRAS,21897
FRANCE,21897
GRUP GEPORK SA,21897
SPAIN,21897
FOLKEHELSEINSTITUTTET,21804
NORWAY,21804
LOVELACE BIOMEDICAL RESEARCH INSTITUTE,21660
UNITED STATES,21660
HEALTH IN CODE SL,21511
SPAIN,21511
UNIV LAVAL,21437
CANADA,21437
AGRICULTURAL RESEARCH COUNCIL,21257
SOUTH AFRICA,21257
SURREY DIAGNOSTICS LIMITED,21197
UNITED KINGDOM,21197
UNIVERSIDADE ESTADUAL PAULISTA JULIO DE,21180
BRAZIL,21180
FISHER,21106
UNITED KINGDOM,21106
ZALMA LTD,21052
KAZAKHSTAN,21052
SERV DE REGISTRO Y ANALISIS GENEALOGICOS,21017
CHILE,21017
ARPA BOLZANO,20889
ITALY,20889
DEPT OF INDUSTRY TOURISM & TRADE,20667
AUSTRALIA,20667
MILCHPRÜFUNG BADEN WÜRTTEMBER E.V.,20636
GERMANY,20636
MAKERERE UNIV,20598
UGANDA,20598
STATENS VETERINAERMEDICINSKA ANSTALT,20486
SWEDEN,20486
COMERCIAL BIOMEDICO,20480
MEXICO,20480
PPD INC,20380
UNITED STATES,20380
Frontier Science Co. Ltd,20367
JAPAN,20367
VIRA THERAPEUTICS GMBH,20365
AUSTRIA,20365
IWAI CHEMICALS COMPANY LTD.,19945
JAPAN,19945
IRISH EQUINE CENTRE,19861
IRELAND,19861
UNIV PADOVA LEGNARO,19791
ITALY,19791
EMBREX INC,19700
UNITED STATES,19700
CARGO PARTNER GMBH,19592
AUSTRIA,19012
ZAMBIA,581
UNIV DE LAUSANNE,19537
SWITZERLAND,19537
NEUROGENE LABORATORIO LTDA,19504
BRAZIL,19504
SEILAB OY,19488
FINLAND,19488
ARC ONDERSTEPOORT VET INST,19438
SOUTH AFRICA,19438
MICROBIOLOGICS INC,19414
UNITED STATES,19414
FOOT AND ANKLE SPECIALISTS OF UTAH,19324
UNITED STATES,19324
TAKEDA PHARMACEUTICALS USA INC,19257
UNITED STATES,19257
BIO ANALITICA SRL,19091
MOLDOVA,19091
AML,19065
BELGIUM,19065
DERMOPET ESTETICA ANIMAL LTDA,19019
BRAZIL,19019
"Tongji Hospital,Huazhong Univ of Sci Tec",18967
CHINA,18967
PLEMENARSKE SLUZBY SR SP,18939
SLOVAKIA,18939
IDEXX LABORATORIES INC,18890
UNITED STATES,18890
DAISY FARMS,18871
UNITED STATES,18871
AITBIOTECH PTE LTD,18813
SINGAPORE,18813
ET,18471
NETHERLANDS,18471
LABO DEPARTEMENTAL ANALYSES DRAGUIGNAN,18450
FRANCE,18450
SUZHOU BOYUAN BIOTECH CO LTD,18427
CHINA,18427
INSTITUT PASTEUR DE MADAGASCAR,18336
MADAGASCAR,18336
UNIV AUTONOMA BARCELONA,18290
SPAIN,18290
GLOBAL EQUIPMENTS AHMEDABAD.,18258
INDIA,18258
AUSTRALIAN CLINICAL LABS,18234
AUSTRALIA,18234
IST ZOOPROFILATTICO FOGGIA,18059
ITALY,18059
AGRESEARCH LIMITED,18047
NEW ZEALAND,18047
ABBOTT LABORATORIES GMBH,18025
GERMANY,18025
SCHWEIZERISCHER SCHAFZUCHTVERBAND,18008
SWITZERLAND,18008
LABORATORIO DE INVESTIGACION PECUARIA Y,17939
MEXICO,17939
YALE UNIV,17928
UNITED STATES,17928
ALS WATER AND HYDROGRAPHICS PTY LTD,17879
AUSTRALIA,17879
GRIBBLES VETERINARY PATHOLOGY,17871
NEW ZEALAND,17871
MAPAQ,17820
CANADA,17820
VETDIAVET,17781
PORTUGAL AND MADEIRA ISLE,17781
FOOD AND ENVIRONMENTAL HYGIENE DEPT,17748
HONG KONG,17748
VREDE DIERE LABORATORIUM,17656
SOUTH AFRICA,17656
ROCHE BASEL,17566
SWITZERLAND,17566
GENOTYPING AUSTRALIA PTY LTD,17541
AUSTRALIA,17541
SEDA LLC,17511
TURKMENISTAN,17511
LABO DEPARTEMENTAL ANALYSE INDRE,17487
FRANCE,17487
INST VALENCIANO MICROBIOLOGIA,17386
SPAIN,17386
CENTRE FOR AQUATIC HEALTH SCIENCES,17320
CANADA,17320
BELOMED SRL,17311
PERU,17311
NATIONWIDE CHILDRENS HOSPITAL,17282
UNITED STATES,17282
UNIV OF SASKATCHEWAN,17265
CANADA,17265
PAN AMERICAN HEALTH ORGANIZATION,17226
BELIZE,16784
EL SALVADOR,442
GOBIERNO DE CANTABRIA,17050
SPAIN,17050
LABO DEPARTEMENTAL ANALYSES,16846
FRANCE,16846
SYNGENTA BASEL,16807
SWITZERLAND,16807
CATALENT INDIANA LLC,16806
UNITED STATES,16806
DES PLAINES VALLEY MOSQUITO ABATEMENT,16735
UNITED STATES,16735
COMISION MEXICO ESTADOS UNIDOS PARA LA P,16720
MEXICO,16720
JOHNS HOPKINS UNIV,16686
UNITED STATES,16686
UNIVERSITÄT ERLANGEN,16664
GERMANY,16664
ST DAVIDS LABORATORY SERVICES LTD,16435
UNITED KINGDOM,16435
UNIWERSYTET PRZYRODNICZY,16306
POLAND,16306
OÖ TIERGES,16294
AUSTRIA,16294
SOUTHERN NEVADA HEALTH DISTRICT,16282
UNITED STATES,16282
GENICS PTY LTD,16185
AUSTRALIA,16185
COMERCIAL BIOMEDICO JR,16166
MEXICO,16166
MASTERLAB,16125
MOROCCO,16125
USGS ALASKA SCIENCE CENTER,16089
UNITED STATES,16089
SCIO NAC DE SANIDAD Y CALIDAD AGRO ALIME,16080
ARGENTINA,16080
SOCIEDAD ROJAS Y GUERRERO,16051
COSTA RICA,16051
SUJATA ENTERPRISES.,16045
INDIA,16045
IDEXX INSTITUT POURQUIER,15983
FRANCE,15983
NMBU,15975
NORWAY,15975
ONDERSTEPOORT BIOLOGICAL PRODUCTS,15910
SOUTH AFRICA,15910
DIERGENEESKUNDIG CENTRUM MIDDEN SALLAND,15908
NETHERLANDS,15908
MONASH UNIV,15907
AUSTRALIA,15907
SHANGHAI SIXING BIOTECH CO LTD,15903
CHINA,15903
ANALITEK LIFE,15871
MEXICO,15871
GENMED ENTRPRISES CC,15855
NAMIBIA,15855
LABO PYRENEES,15850
FRANCE,15850
AREA PROTECCION CULTIVOS,15847
SPAIN,15847
UNIV MILANO,15814
ITALY,15814
SYMBIO LABORATORIES PTY LTD,15796
AUSTRALIA,15796
AGROSCOPE CHANGINS,15769
SWITZERLAND,15769
RESEARCH INSTRUMENTS SDN BHD,15730
MALAYSIA,15730
ZOETIS MANUFACTURING & RESEARCH SPAIN SL,15710
SPAIN,15710
LABO LAITIER LABILAIT,15653
FRANCE,15653
FOOD AND ENVIRONMENTAL RESEARCH AGENCY,15566
UNITED KINGDOM,15566
DELAWARE PUBLIC HEALTH LABORATORY,15558
UNITED STATES,15558
MBM VETERINARY CONSULTANCE,15458
NETHERLANDS,15458
SOCLAB,15368
PORTUGAL AND MADEIRA ISLE,15368
LABO VET LAUNAGUET,15316
FRANCE,15316
UNIV OF SYDNEY,15293
AUSTRALIA,15293
WITS HEALTH CONSORTIUM PTY LTD,15228
SOUTH AFRICA,15228
NANJING YINGJUN,15185
CHINA,15185
UNIV TORINO GRUGLIASCO,15178
ITALY,15178
MOSQUITO ABATEMENT DISTRICT DAVIS,15018
UNITED STATES,15018
CASE WESTERN RESERVE UNIV,14971
UNITED STATES,14971
ALFAGENE NORTH,14935
PORTUGAL AND MADEIRA ISLE,14935
LABO TOURS,14935
FRANCE,14935
GESCO CONSORZIO COOPERATIVO S.C.A.,14834
ITALY,14834
SOUTH AUST HEALTH & MEDICAL RES INST,14622
AUSTRALIA,14622
Asahi Science K.K.,14582
JAPAN,14582
ORCHID CELLMARK LTD,14576
UNITED KINGDOM,14576
ALABAMA VETERINARY DIAGNOSTIC LABORATORY,14548
UNITED STATES,14548
BIOPTICKA LABORATOR S R O,14529
CZECH REPUBLIC,14529
CARGO-PARTNER GMBH,14515
AUSTRIA,14515
INNER MONGOLIA RUNMUDA BIOL TECH CO LTD,14468
CHINA,14468
INSTITUTO BERNABEU,14428
SPAIN,14428
SACRAMENTO YOLO MVCD,14401
UNITED STATES,14401
UNIV BERN,14354
SWITZERLAND,14354
LANDESAMT OLDENBURG,14324
GERMANY,14324
FALCONS CARE CENTER,14294
SAUDI ARABIA,14294
ILVO,14293
BELGIUM,14293
HOPITAL MIGNOT,14241
FRANCE,14241
CHEMISCHES VETERINAER UNTERSUCHUNGSAMT,14225
GERMANY,14225
VERTEX PHARMACEUTICALS INC,14162
UNITED STATES,14162
BIOCHECK,14098
GERMANY,14098
ABBOTT LABORATORIES,14072
UNITED STATES,14072
VA DEPT OF AGRI AND CONSUMER SVC,14048
UNITED STATES,14048
LABORATOIRE DE SANTE ANIMALE,14039
CANADA,14039
ST MARYS PADDINGTON,13993
UNITED KINGDOM,13993
VITROLOGY LIMITED,13939
UNITED KINGDOM,13939
HANFEI(WUHAN) BIOTECH CO LTD,13818
CHINA,13818
LUA HANNOVER,13798
GERMANY,13798
LONDON SCHOOL HYGIENE & TROP MED,13789
UNITED KINGDOM,13789
ALASKA DEPT OF FISH AND GAME,13788
UNITED STATES,13788
HAWAII DEPT OF HEALTH,13775
UNITED STATES,13775
HENAN YOU ANIMAL HUSBANDRY TECH CO LTD,13561
CHINA,13561
CHEMISCHES UND VETERINDR-,13536
GERMANY,13536
FUND DE DEFES SANITARI ANIMA ES R GRAN S,13532
BRAZIL,13532
IST ZOOPROFILATTICO FERMO,13485
ITALY,13485
PANSTWOWY INSTYTUT WETERYNARYJNY,13455
POLAND,13455
UNIV OF MELBOURNE,13452
AUSTRALIA,13452
PRO GENEX LABORATORIES INC,13422
UNITED STATES,13422
DELAWARE BIOTECHNOLOGY INSTITUTE,13394
UNITED STATES,13394
IST ZOOPROFILATTICO ROMA,13353
ITALY,13353
ENIGMA SAINTIA SOLUSINDO,13294
INDONESIA,13294
ARPAL,13293
ITALY,13293
ALPHA VET,13250
HUNGARY,13250
MYLAB DISCOVERY SOLUTIONS PVT LTD,13244
INDIA,13244
PROVET INST BRAS DE DIAG ESPEC VET LTDA,13230
BRAZIL,13230
PARDINI,13205
BRAZIL,13205
BIOPHARMA,13200
MOROCCO,13200
EUROFINS LAB MOULINS,13143
FRANCE,13143
IREN LABORATORI SPA,13134
ITALY,13134
ONTARIO AGENCY FOR HEALTH PROTECTION,13113
CANADA,13113
LABO VETERINAIRE ET BIOLOGIQUE,13087
FRANCE,13087
KAPA BIOSYSTEMS (PTY) LTD,13051
SOUTH AFRICA,13051
BIONOTE,13045
SOUTH KOREA,13045
UNIV OF FLORIDA,13013
UNITED STATES,13013
AZIENDA OSPEDALIERA TRENTO,12946
ITALY,12946
AGROMILLORA IBERIA,12923
SPAIN,12923
USDA NBAF,12920
UNITED STATES,12920
LAVETAN,12889
BELGIUM,12889
ARPAV,12863
ITALY,12863
Hiroshima Wako Co. Ltd.,12700
JAPAN,12700
CITA,12675
SPAIN,12675
VIRGINIA POLYTECHNIC INST AND STATE UNIV,12670
UNITED STATES,12670
AQUAFIN N V,12594
BELGIUM,12594
WYOMING GAME & FISH WILDLIFE DISEASE LAB,12556
UNITED STATES,12556
VERMONT DEPT OF HEALTH,12496
UNITED STATES,12496
OHIO STATE UNIV OARDC,12420
UNITED STATES,12420
MERCK SHARP E DOHME SAUDE ANIMAL LTDA,12381
BRAZIL,12381
INDICAL BIOSCIENCE GMBH,12338
GERMANY,12338
GENENTECH INC,12334
UNITED STATES,12334
SPECIALTY DIAGNOSTICS INC,12250
UNITED STATES,12250
UNIV OF SOUTH FLORIDA,12044
UNITED STATES,12044
PRESTAGE FARMS,12032
UNITED STATES,12032
ANSES PLOUFRAGAN,12026
FRANCE,12026
TRIDENTCARE LABORATORY,12005
UNITED STATES,12005
HERATECH SRL,11868
ITALY,11868
YOUNGJIN SCIENCE,11835
SOUTH KOREA,11835
DELTAMUNE (PTY) LTD,11721
SOUTH AFRICA,11721
TERANA NIEVRE,11699
FRANCE,11699
MERCK ANIMAL HEALTH,11618
UNITED STATES,11618
FUND DE AMP A PESQ DO EST DE SAO PAULO,11612
BRAZIL,11612
MICROARRAYS INC,11597
UNITED STATES,11597
BLODTYPELABORATIORIET FOR HESTE,11542
DENMARK,11542
SMT VETERINARY LABORATORY (PTY) LTD,11504
SOUTH AFRICA,11504
ONDERSTEPOORT BIOLOGICAL PRODUCTS LTD,11453
SOUTH AFRICA,11453
PROMEGA CORP,11446
UNITED STATES,11446
HOLOGIC INC,11360
UNITED STATES,11360
COMITÉ DU LAIT ASBL,11349
BELGIUM,11349
ALFAGENE LDA,11196
PORTUGAL AND MADEIRA ISLE,11196
AGRICOLA TRE VALLI SCARL,11161
ITALY,11161
NEOGEN AUSTRALASIA PTY LTD,11120
AUSTRALIA,11120
CLARICE WEIS ARNS,11097
BRAZIL,11097
SPEEDX PTY LTD,11087
AUSTRALIA,11087
TONIX PHARMACEUTICAL HOLDING CORP,11071
UNITED STATES,11071
GENERALITAT DE CATALUNYA,11069
SPAIN,11069
UNIVERSITETSSYKEHUSET I NORD NORGE HF,11057
NORWAY,11057
VETBIO CONCEPTS FZ LLC,11016
UNITED ARAB EMIRATES,11016
INRAE ST GENES,10995
FRANCE,10995
AIC SPECIALITIES.,10863
INDIA,10863
MEGAFARMA SA DE CV,10827
MEXICO,10827
INIA,10816
SPAIN,10816
ID LELYSTAD,10784
NETHERLANDS,10784
CHICAGO DEPT OF PUBLIC HEALTH,10740
UNITED STATES,10740
DESERT SCIENTIFIC,10736
UNITED STATES,10736
UNIV DE ZARAGOZA VET.C.,10732
SPAIN,10732
HEALTH PROTECTION AGENCY,10687
UNITED KINGDOM,10687
INSTYTUT GENETYKI SADOWEJ,10678
POLAND,10678
SPERMATICA REPRODUCCION SL,10672
SPAIN,10672
LIFELABS,10654
CANADA,10654
EXPRESS BIOTECH INC,10630
UNITED STATES,10630
YAKUKENSHA CO. LTD.,10577
JAPAN,10577
BIOSUR SCIENTIFIC S L,10574
SPAIN,10574
CERMEL,10555
GERMANY,10555
GRIBBLES VETERINARY PATHOLOGY LTD,10547
NEW ZEALAND,10547
TERANA,10547
FRANCE,10547
STANDARD BIOTOOLS INC,10493
UNITED STATES,10493
BAODING JIANFENG ANIMAL HUSBANDRY TECH,10439
CHINA,10439
BRITISH TEXEL SHEEP SOCIETY LTD,10433
UNITED KINGDOM,10433
RUOKAVIRASTO,10406
FINLAND,10406
BAMBOO THERAPEUTICS INC,10404
UNITED STATES,10404
VIDRL,10353
AUSTRALIA,10353
ADMIN NAC D LAB E INST D SALUD ANLIS DR,10352
ARGENTINA,10352
TECNOGENEXT SL,10346
SPAIN,10346
ALAMEDA COUNTY MOSQUITO ABATEMENT DIST,10269
UNITED STATES,10269
MASSEY UNIV,10232
NEW ZEALAND,10232
BIRLING AVIAN LABORATORIES,10169
AUSTRALIA,10169
LOYOLA UNIV CHICAGO,10114
UNITED STATES,10114
NORTHERN ARIZONA UNIV,10087
UNITED STATES,10087
TOHOKU CHEMICAL CO. LTD.,10075
JAPAN,10075
WORLDWIDE SCIENTIFIC,10004
PAKISTAN,10004
NORTH CAROLINA STATE UNIV,9990
UNITED STATES,9990
UNIV OF BRITISH COLUMBIA,9987
CANADA,9987
CONSEIL LE MANS,9920
FRANCE,9920
TERANA CANTAL,9897
FRANCE,9897
LLC PROFILAB,9885
RUSSIA,9885
CAU,9855
GERMANY,9855
GUT BUGS INC,9852
UNITED STATES,9852
ST GEORGES HOSPITAL MEDICAL SCHOOL,9792
UNITED KINGDOM,9792
WRAMC,9730
UNITED STATES,9730
TLLV Landesamt Bad Langensalza,9724
GERMANY,9724
JORGE HARO SANTA CRUZ,9698
MEXICO,9698
LAB SERVICES LTD,9656
UNITED KINGDOM,9656
SAN MATEO COUNTY MVCD,9622
UNITED STATES,9622
IST ZOOPROFILATTICO MESSINA,9606
ITALY,9606
KOSI (BRUNEI) SDN BHD,9592
BRUNEI DARUSSAIAM,9592
SINGAPORE FOOD AUTHORITY,9485
SINGAPORE,9485
SOCIEDAD COMERCIALIZADORA AVANZA BIO LIM,9467
CHILE,9467
HOSPITAL BELLVITGE,9462
SPAIN,9462
ANSES NIORT,9440
FRANCE,9440
UNIDAD ANALISIS SANIDAD ANIMAL,9414
SPAIN,9414
BIOTECNOLOGIA Y GENETICA SAS,9372
COLOMBIA,9372
BMS TRADER GROUP LLC,9331
UNITED STATES,-1232
WESTERN EUROPE OTHER,10563
AES BENELUX B V,9306
NETHERLANDS,9306
DISMED,9261
SPAIN,9261
HAVFORSKNINGSINSTITUTTET,9246
NORWAY,9246
ISS,9246
ITALY,9246
CUTRALE CITRUS JUICES USA INC,9232
UNITED STATES,9232
LAMBDA LIFE A.S.,9227
SLOVAKIA,9227
CHUBBS BOTSWANA T/A JP BIOCHEM,9160
BOTSWANA,9160
LNPV,9132
FRANCE,9132
LABO BIOVILAINE,9099
FRANCE,9099
CONCEPTION,9082
CANADA,9082
BIOSCIENCES LTD,9070
IRELAND,9070
AD DIAGNOST SA,9024
CANARY ISLANDS,9024
FADJ COLOMBIA,9007
COLOMBIA,9007
BIOPROCESSING TECHNOLOGY INSTITUTE,8983
SINGAPORE,8983
LABIOTEC,8957
SPAIN,8957
CORPORACIO ALIMENTARIA GUISSONA SA,8951
SPAIN,8951
CONSEJ AGRICULTURA Y DESARROLLO RURAL,8925
SPAIN,8925
INSTYTUT GENETYKI I HODOWLI ZWIERZAT,8906
POLAND,8906
LIAL RIOZ,8904
FRANCE,8904
SAN DIEGO COUNTY CALIFORNIA,8886
UNITED STATES,8886
INRAE ANTILLES GUYANNE,8879
FRANCE,8879
LAB4GENE LDA,8794
PORTUGAL AND MADEIRA ISLE,8794
IRCCS POLICLINICO S MATTEO,8720
ITALY,8720
AMT DER VORARLBERGER LANDESREGIERUNG,8705
AUSTRIA,8705
BIOAGILYTIX LABS,8704
UNITED STATES,8704
UNIV OF QUEENSLAND AR,8644
AUSTRALIA,8644
LABO DEPARTEMENTAL VETERINAIRE,8639
FRANCE,8639
UNIV OF TENNESSEE KNOXVILLE,8637
UNITED STATES,8637
USP,8550
BRAZIL,8550
ORSZAGOS KORANYI TBC ES,8544
HUNGARY,8544
Takacho Co. Ltd.,8519
JAPAN,8519
MANASALU TRADING CONCERN,8508
NEPAL,8508
VETLABGROUP JEDRYCZKO,8505
POLAND,8505
LABO DEPARTEMENTAL,8481
FRANCE,8481
CALIFORNIA STATE UNIV CHICO,8464
UNITED STATES,8464
VETAGROSUP,8452
FRANCE,8452
LIVEXLAB,8436
ECUADOR,8436
SHANGHAI CHIJI TRADING CO LTD,8395
CHINA,8395
LUA DRESDEN,8368
GERMANY,8368
LDA 67 STRASBOURG,8366
FRANCE,8366
OSPRI NZ LTD,8325
NEW ZEALAND,8325
Altair Corporation,8315
JAPAN,8315
LALLF DAS LANDESAMT ROSTOCK,8311
GERMANY,8311
ZOETIS DENMARK,8304
DENMARK,8304
IDAHO DEPT OF HEALTH AND WELFARE,8278
UNITED STATES,8278
ARPALAZIO,8248
ITALY,8248
FISH DESEASES SECTION VET. LAB,8224
HONG KONG,8224
DANISCO FINLAND OY,8193
FINLAND,8193
CVUA ARNSBERG,8170
GERMANY,8170
THE UNIVERSITY OF HONG KONG-HK02,8146
HONG KONG,8146
TOWA SCIENTIFIC Co. Ltd.,8145
JAPAN,8145
QUANTIGEN LLC,8141
UNITED STATES,8141
L-BIO,8116
SOUTH KOREA,8116
FALCON-ABC,8100
SAUDI ARABIA,8100
THE GENELAB BIOSCIENCE LTD,8094
NIGERIA,8094
WEILL CORNELL MEDICINE,8091
UNITED STATES,8091
ARPACAL CETA,8084
ITALY,8084
CONSEIL TROYES,8078
FRANCE,8078
STANFORD UNIV,8066
UNITED STATES,8066
FARMLAB DIAGNOSTICS LIMITED,8065
IRELAND,8065
MRI GLOBAL,8022
UNITED STATES,8022
ESPACO ANIMAL LTDA,8009
BRAZIL,8009
VINA CONCHA Y TORO SA,7984
CHILE,7984
AMVET BIOSCIENCES LIMITED,7966
HONG KONG,7966
BROOKE ARMY MEDICAL CENTER,7952
UNITED STATES,7952
CHILDRENS MERCY ADELE HALL,7932
UNITED STATES,7932
HELSINGIN YLIOPISTO,7926
FINLAND,7926
BASF LUDWIGSHAFEN,7911
GERMANY,7911
UA AULENDORF,7907
GERMANY,7907
PFIZER WYETH PHARMACEUTICALS,7894
UNITED STATES,7894
SMC CO LTD,7858
JAPAN,7858
LUXOR SCIENTIFIC,7838
UNITED STATES,7838
COLLIER MOSQUITO CONTROL DISTRICT,7814
UNITED STATES,7814
HOSP CLINICO UNIV VALENCIA,7806
SPAIN,7806
GENOMIA S.R.O.,7779
CZECH REPUBLIC,7779
EUROFINS VIRACOR INC,7686
UNITED STATES,7686
USAMRIID GV,7669
UNITED STATES,7669
NORDMARK,7601
GERMANY,7601
SAN DIEGO ZOO,7486
UNITED STATES,7486
VMRD INC,7480
UNITED STATES,7480
UNIFIED STATE LABORATORIES PUBLIC HEALTH,7461
UNITED STATES,7461
Shikoku Medical Instruments.,7454
JAPAN,7454
SALT LAKE CITY MOSQUITO ABATEMENT DIST,7435
UNITED STATES,7435
VETERINARY LABORATORY AGENCY,7424
UNITED KINGDOM,7424
CHARITE BERLIN,7398
GERMANY,7398
TECHNO SUZUTA.Co. Ltd.,7351
JAPAN,7351
DELTA SCIENCE CO. LTD,7335
MYANMAR,2687
WESTERN EUROPE OTHER,4648
BROMLEY PARK HATCHERIES LTD,7328
NEW ZEALAND,7328
LIH,7327
LUXEMBOURG,7327
LABO LAITIER LILANO,7224
FRANCE,7224
SAN JOAQUIN COUNTY,7200
UNITED STATES,7200
"LCK TECHNOLOGIES CO., LTD",7183
SOUTH KOREA,7183
ASS REGIONALE ALLEVATORI EMILIA ROMAGNA,7125
ITALY,7125
ARKANSAS DEPT OF HEALTH,7110
UNITED STATES,7110
PPD GLOBAL CENTRAL LABORATORIES,7105
UNITED STATES,7105
BOEHRINGER INGELHEIM,7097
UNITED STATES,7097
VETERINÆRINSTITUTTET,7093
NORWAY,7093
LA JOLLA LABS INC,7088
UNITED STATES,7088
SHANGHAI EASTERN-CAS CO LTD,7069
CHINA,7069
LABO REUNIS,7044
LUXEMBOURG,7044
BIOPROPERTIES AUST PTY LTD,7022
AUSTRALIA,7022
CDVET SRL UNIPERSONALE,6970
ITALY,6970
UNIV ANTILLES GUYANE,6923
FRENCH GUIANA,6923
LABORATORIO REGIONAL AGRARIO,6902
SPAIN,6902
"DEPT OF AGRICULTURE, FISHERIES & FORESTR",6899
AUSTRALIA,6899
LABO EUROREGIONAL ANALYSES VET,6898
FRANCE,6898
"CENTERS FOR DISEASE CONTROL, MOHW",6891
TAIWAN,6891
LABORATORIO PATHOVET LIMITADA,6852
BRAZIL,6852
IST ZOOPROFILATTICO CATANZARO,6822
ITALY,6822
CSQA CERTIFICAZIONI SRL,6799
ITALY,6799
GUEMSUNG HIGHTECH,6791
SOUTH KOREA,6791
MISSISSIPPI VET RES & DIAGNOSTIC LAB,6786
UNITED STATES,6786
CERMAQ,6780
NORWAY,6780
JIENA BIOTECH （TIANJIN) CO LTD,6779
CHINA,6779
SHANGHAI MENGZE BIOTECH CO LTD,6725
CHINA,6725
"GREAT PHARMED SOLE CO., LTD",6718
LAOS,6718
LABO ALBI,6716
FRANCE,6716
CICAP - CENTRO TECNOLOGICO,6694
SPAIN,6694
VIAGUARD,6660
CANADA,6660
MEMORIAL UNIV OF NEWFOUNDLAND,6642
CANADA,6642
GEORGE MASON UNIV,6642
UNITED STATES,6642
BIOADVANCED SYSTEMS,6625
MEXICO,6625
GRIBBLES PATHOLOGY,6618
AUSTRALIA,6618
SEEDER MEDICAL,6595
QATAR,6595
MUSTIQUE CO,6568
SAINT VINCENT,6568
BENTLEY INSTRUMENTS,6557
FRANCE,6557
UNIQUE MEDICAL DISTRIBUTION CO LTD,6554
CAMBODIA,6554
POLICLINICO S ORSOLA MALPIGHI,6554
ITALY,6554
CENTOGENE-Rostock,6548
GERMANY,6548
AGRICULTURE AND AGRI FOOD CANADA,6530
CANADA,6530
GKN BV,6517
NETHERLANDS,6517
LANDESANSTALT KLAGENFURT,6510
AUSTRIA,6510
SAO PAULO SECR SAUDE,6497
BRAZIL,6497
LEE COUNTY MOSQUITO CONTROL DISTRICT,6494
UNITED STATES,6494
IST. ZOOPROFILATTICO SPERIMENTALE,6469
ITALY,6469
BVAQ PTY LTD,6447
AUSTRALIA,6447
SZKOLA GLOWNA GOSPODARSTWA,6446
POLAND,6446
MERIAL,6418
FRANCE,6418
IST AGRARIO S MICHELE ALLADIGE,6416
ITALY,6416
DYCAR BUSINESS & FINANCIAL SERVICES,6390
SIERRA LEONE,6390
GUANGZHOU HANQUAN BIOLOGICAL TECH CO LTD,6360
CHINA,6360
NIBSC,6310
UNITED KINGDOM,6310
LA VALLONEA SRL,6308
ITALY,6308
LABORATORIO LAVETSAN LIMITADA,6301
CHILE,6301
MICHIGAN TECHNOLOGICAL UNIV,6301
UNITED STATES,4101
WESTERN EUROPE OTHER,2200
LIVESTOCK SERVICES CO-OP SOCIETY,6299
ZAMBIA,6299
BW KRONSHAGEN,6249
GERMANY,6249
SEROPREG INCORPORATED,6230
SOUTH AFRICA,6230
ANTEL BIOSYSTEMS INC,6200
UNITED STATES,6200
HOSPITAL 12 DE OCTUBRE,6198
SPAIN,6198
BIOGENESIS BAGO,6167
ARGENTINA,6167
BIOGISTIC,6157
SINGAPORE,6157
LABORATORIO INTERPROFESIONAL LECHER,6137
SPAIN,6137
VAXART INC,6135
UNITED STATES,6135
MEIJER POTATO,6129
NETHERLANDS,6129
HEALTCHARE SOLUCOES LDS,6104
MOZAMBIQUE,6104
INOVALYS NANTES,6086
FRANCE,6086
CHILDRENS HOSPITAL EASTERN ONTARIO,6047
CANADA,6047
ORBIO,6032
FRANCE,6032
NATIONAL RESILIENCE INC,5957
UNITED STATES,5957
MEDCOMP SCIENCES,5936
UNITED STATES,5936
BATAVIA BIOSERVICES,5931
NETHERLANDS,5931
FUND APOIO DES UNIV FEDERAL MATO GROSSO,5902
BRAZIL,5902
STATNI VETERINARNI USTAV OLOMOUC,5853
CZECH REPUBLIC,5853
BIOTANGENTS LTD,5839
UNITED KINGDOM,5839
CIRAD,5821
FRANCE,5821
AMT DER OO,5803
AUSTRIA,5803
LANDESBETRIEB HESSISCHES,5786
GERMANY,5786
AIC ENTERPRISES PVT LTD,5747
INDIA,5747
CIRCULAR 1 HEALTH,5730
UNITED KINGDOM,5730
AF ALLIANCE LLC,5705
UNITED STATES,5705
UNIV OF EDINBURGH,5681
UNITED KINGDOM,5681
MARYLAND DEPT OF HEALTH,5634
UNITED STATES,5634
CLEVELAND CLINIC FOUNDATION,5613
UNITED STATES,5613
ENVIRONMENT AGENCY,5613
UNITED KINGDOM,5613
INTERPEC SAN MARCOS,5597
MEXICO,5597
LABO SK S R O,5591
SLOVAKIA,5591
BIOMED PACIFIC,5586
WESTERN EUROPE OTHER,5586
VIROVET BVBA,5580
BELGIUM,5580
ADNUCLEIS,5490
FRANCE,5490
UB KOREA,5481
SOUTH KOREA,5481
CAP HOLDING SPA,5463
ITALY,5463
UNIV NAPOLI,5456
ITALY,5456
ILLINOIS STATE POLICE HID,5428
UNITED STATES,5428
LAB REG SANIDAD PROD ANIMAL,5427
SPAIN,5427
AGRANIS,5406
FRANCE,5406
PHIBRO SAUDE ANIMAL INTERNACIONAL LTDA,5370
BRAZIL,5370
MINISTERE DE LA DEFENSE TOULON,5363
FRANCE,5363
UNIV PISA,5349
ITALY,5349
HISPALIS BIOLAB SL,5332
SPAIN,5332
BEIJING TUOLIXIN SCIENCE CO LTD,5329
CHINA,5329
SAGE LABORATORIES LLC,5327
UNITED STATES,5327
DEPT OF ECONOMICS,5325
SOUTH AFRICA,5325
OREGON STATE PUBLIC HEALTH LABORATORY,5290
UNITED STATES,5290
LABO LAITIER LIAL RIOZ,5289
FRANCE,5289
IST ZOOPROFILATTICO MODENA,5277
ITALY,5277
UNIVERSIDAD NACIONAL AUTONOMA DE MEXICO,5232
MEXICO,5232
CENTRO DE INVESTIGACION EN ALIMENTACION,5225
MEXICO,5225
SHANGHAI MANMAN BIOTECHNOLOGY CO LTD,5205
CHINA,5205
BAYLOR SCOTT & WHITE HEALTH,5200
UNITED STATES,5200
UNIV OF MAINE,5190
UNITED STATES,5190
IST SPERIMENTALE RIVOLTA DADDA,5164
ITALY,5164
BIOTECH EVRY,5151
FRANCE,5151
MENDELOVA ZEMEDELSKA A LESNICKA,5127
CZECH REPUBLIC,5127
CORESA DE CV,5089
EL SALVADOR,5089
VALGENETICS SL,5059
SPAIN,5059
HYGIENA DIAGNOSTICS ,5043
GERMANY,5043
S.R.LIFE SCIENCE SOLUTIONS,5037
INDIA,5037
PROGENIE MOLECULAR,5021
SPAIN,5021
INSTITUTO SUPERIOR TECNICO,5018
PORTUGAL AND MADEIRA ISLE,5018
BUNDESWEHR MUENCHEN (BW),5007
GERMANY,5007
IAEA,4964
AUSTRIA,4964
UNIV DO PORTO,4958
PORTUGAL AND MADEIRA ISLE,4958
UPPSALA UNIVERSITET,4949
SWEDEN,4949
HEALTH RESEARCH INC,4939
UNITED STATES,4939
PONTIFICIA UNIVERSIDAD CATOLICA DE CHILE,4934
CHILE,4934
CENTRAL ADN,4931
MEXICO,4931
GEORGETOWN UNIV MEDICAL CENTER,4926
UNITED STATES,4926
UNIV OF NEBRASKA KEARNEY,4918
UNITED STATES,4918
LADIVES,4904
PANAMA,4904
COIMMUNE INC,4903
UNITED STATES,4903
PROVIDENCE VA MEDICAL CENTER,4900
UNITED STATES,4900
LABO MONTAUBAN,4874
FRANCE,4874
SERVICE VETERINAIRE CANTONAL,4870
SWITZERLAND,4870
SHANGHAI XUYA TRADE CO LTD,4863
CHINA,4863
CRISPR THERAPEUTICS,4854
UNITED STATES,4854
CHENGDU SAIOUBO SCI CO LTD,4832
CHINA,4832
BIOANALYTICAL,4824
PUERTO RICO,4824
PANSTWOWY INSTYTUT WETERYNARII,4820
POLAND,4820
DR.MED.MARTIN GENCIK,4803
AUSTRIA,4803
SHANDONG SADIKANG BIOTECH CO LTD,4799
CHINA,4799
BUSINESS INTL GROUP LLC,4795
OMAN,4795
GEMEINSCHAFTSPRAXIS DRES ARNOLD,4794
GERMANY,4794
HAMMERSMITH HOSPITAL,4788
UNITED KINGDOM,4788
LABO VET LAON,4778
FRANCE,4778
HOKKAIDO WAKO JUNYAKU CO. LTD.,4736
JAPAN,4736
INSTITUTO MINEIRO DE AGROPECUARIA,4736
BRAZIL,4736
UNIV OF QUEENSLAND,4729
AUSTRALIA,4729
LUA NMS,4704
GERMANY,4704
DENTI GA IDENTIFICA QUANTIFICA MOLECU LT,4684
BRAZIL,4684
DUKE-NUS MEDICAL SCHOOL,4683
SINGAPORE,4683
Xian chuangbo biological instrument equ,4677
CHINA,4677
Latest Science Co. Ltd.,4657
JAPAN,4657
NATIONAL MILK LABORATORIES,4654
UNITED KINGDOM,4654
GHC LABS,4644
UNITED STATES,3545
WESTERN EUROPE OTHER,1099
BIORESOURCE BIOTECH PVT LTD,4643
INDIA,4643
ENTAV,4611
FRANCE,4611
MINISTRY OF AGRICULTURE VET SVCS,4602
BARBADOS,2014
WESTERN EUROPE OTHER,2589
ATLANTIC VETERINARY COLLEGE,4597
CANADA,4597
PRIMER SRL,4590
ITALY,4590
BLUE AQUA BREEDING CENTER PTE LTD,4567
SINGAPORE,4567
UNIKLINIK BONN,4543
GERMANY,4543
ILLINOIS INSTITUTE OF TECHNOLOGY,4477
UNITED STATES,4477
DIR GRAL DE LA GUARDIA CIVIL,4459
SPAIN,4459
CIDRZ,4430
ZAMBIA,4430
SAN BERNARDINO COUNTY PUBLIC HEALTH LAB,4397
UNITED STATES,4397
COMMONWEALTH OF VIRGINIA,4389
UNITED STATES,4389
ARPA AOSTA,4383
ITALY,4383
PLURIMA SPA VEGGIANO,4379
ITALY,4379
MOLECULAR DIAGNOSTIC SERVICES.,4361
SOUTH AFRICA,4361
"INVESTIGATION BUREAU,MNSTRY OF JUSTICE",4335
TAIWAN,4335
NAVAL HEALTH RESEARCH CENTER,4334
UNITED STATES,4334
UNIV OF CALIFORNIA SAN FRANCISCO,4311
UNITED STATES,4311
OIRSA,4290
EL SALVADOR,4290
LABTECNIC SL,4281
SPAIN,4281
PATRICIO RETAMAL,4274
CHILE,4274
TONEGE SARL,4251
TOGO,4251
KINETIC LIFESCIENCE,4220
INDIA,4220
BIONIX LAB LLC,4205
UKRAINE,4205
PATEL CHEM-DE DRUGS PRIVATE LIMITED,4188
INDIA,4188
BEAM THERAPEUTICS,4186
UNITED STATES,4186
CONSEIL GENERAL DE LA SOMME,4185
FRANCE,4185
BIOLOGICOS PROVACUNA,4180
MEXICO,4180
SVS LABORATORIES LIMITED,4149
NEW ZEALAND,4149
HOPITAL CANTONAL,4118
SWITZERLAND,4118
KATAYAMA CHEMICAL. LTD,4058
JAPAN,4058
E J BUSUTTIL LTD,4047
MALTA,4047
MACHEREY,4026
GERMANY,4026
Bio Tech Lab Inc.,4006
JAPAN,4006
IST SUPERIORE PROTEZIONE,4001
ITALY,4001
ANSES SOPHIA ANTIPOLIS,3978
FRANCE,3978
UNIV FIRENZE,3963
ITALY,3963
EIMERIA PTY LTD,3935
AUSTRALIA,3935
DIAGNOSTICOS Y SERVICIOS INTEGRALES EN S,3919
MEXICO,3919
GENEFAST SRL,3897
ITALY,3897
TILIA LABORATORIES SRO,3877
CZECH REPUBLIC,3877
AMT D NO LANDESREGIERUNG LAND-FORTWIRTSC,3869
AUSTRIA,3869
BRF,3854
BRAZIL,3854
TEKNOKROMA ANALITICA SA,3853
SPAIN,3853
PATEL CHEM DE DRUGS-KOLKATA,3833
INDIA,3833
TEXAS TECH UNIV,3828
UNITED STATES,3828
CONSEIL GENERAL CORREZE,3802
FRANCE,3802
ABEONA THERAPEUTICS INC,3793
UNITED STATES,3793
FUND PA DESENVOLVIMENTO UNESP FUNDUNESP,3781
BRAZIL,3781
FADJ GUATEMALA,3776
GUATEMALA,3776
NSW HEALTH PATHOLOGY,3771
AUSTRALIA,3771
UNIV DE MURCIA,3761
SPAIN,3761
UNIV SALERNO,3746
ITALY,3746
INS INVESTIGAÇAO CIENTIFICA TROPICAL,3730
PORTUGAL AND MADEIRA ISLE,3730
TRENT UNIV,3727
CANADA,3727
APPLIED BIOLOGICAL LABORATORIES INC,3720
UNITED STATES,3720
Boehringer Ingelheim Vetmedica (China) C,3712
CHINA,3712
INSTITUT PASTEUR DE BANGUI PREPAIDSPEND,3693
CENTRAL AFRICAN REPUBLIC,3693
OURO FINO SAUDE ANIMAL LTDA,3678
BRAZIL,3678
HEALTH SCIENCES AUTHORITY,3672
SINGAPORE,3672
TIERAERZTLICHE HOCHSCHULE,3648
GERMANY,3648
CEPHEID,3648
UNITED STATES,3648
BIOVISION-KOCHI.,3644
INDIA,3644
MIN AGRICULTURA PECUARIA ABASTECIMENTO,3642
BRAZIL,3642
GENE CONTROL GMBH,3639
GERMANY,3639
VET EPILAB WOJCIECH JEDRYCZKO,3638
POLAND,3638
DR LAL PATHLABS LTD NEW DELHI,3621
INDIA,3621
CENTROVET LTDA,3595
CHILE,3595
UNIV OF CALIFORNIA SANTA BARBARA,3589
UNITED STATES,3589
STATNY VETERINARNY A POTRAVINOVY USTAV,3565
SLOVAKIA,3565
FDA NCTR,3560
UNITED STATES,3560
INVAC POLSKA SP ZOO,3547
POLAND,3547
PROVIDENCE HEALTH & SERVICES,3538
UNITED STATES,3538
LMU TIERMED,3519
GERMANY,3519
MINISTERIO DE SALUD CORDOBA,3480
ARGENTINA,3480
CREA DC FIRENZE,3479
ITALY,3479
SERVICIOS DE MANTENCION LTDA,3476
CHILE,3476
UNIV PALERMO,3468
ITALY,3468
POLICLINICO BARI,3465
ITALY,3465
PRIMATE PRODUCTS INC,3462
WESTERN EUROPE OTHER,3462
LIVERPOOL JOHN MOORES UNIV,3462
UNITED KINGDOM,3462
YASHIMA PURE CHEMICALS CO. LTD.,3461
JAPAN,3461
UNISTEL MEDICAL LABORATORIES,3443
SOUTH AFRICA,3443
LIKARDA LLC,3440
UNITED STATES,3440
SCOTTISH AGRICULTURAL SCIENCE,3437
UNITED KINGDOM,3437
INSTITUTO DE CIENCIAS AGRARIAS,3435
SPAIN,3435
UTAH COUNTY MOSQUITO ABATEMENT,3421
UNITED STATES,3421
INNOVATIVE DIAGNOSTICS,3396
FRANCE,3396
UNIV OF WESTERN ONTARIO,3389
CANADA,3389
PATRICIA BRASIL,3337
BRAZIL,3337
CH ATELIER BIOMEDICAL,3333
FRANCE,3333
PROGETTI PLANT SRL,3331
ITALY,3331
KAKEN-TECHNO Co. Ltd.,3307
JAPAN,3307
EMORY UNIV,3303
UNITED STATES,3303
HTDS (COUD IVORY COAST),3300
COTE D IVOIRE,3300
BIOMOL Clinical,3290
SPAIN,3290
MYLAV SRLU,3280
ITALY,3280
PUBLIC HEALTH ONTARIO,3261
CANADA,3261
CHANGCHUN WOTESI BIOLOGICAL SYSTEMS.,3260
CHINA,3260
SERVICIOS GAQ,3245
MEXICO,3245
CITY UNIVERSITY OF HONG KONG,3241
HONG KONG,3241
UNIV OF UTAH,3238
UNITED STATES,3238
CHENGDU WEIYE IMPORT AND EXPORT TRADE CO,3236
CHINA,3236
BIOCENTER LTD,3231
HUNGARY,3231
CULTEK SL,3224
SPAIN,3224
HIVE TECHNOLOGIES GMBH,3192
GERMANY,3192
AGRIGEN BIOTECH PTY LTD,3191
AUSTRALIA,3191
MURDOCH UNIV,3186
AUSTRALIA,3186
MERCOLAB,3176
BRAZIL,3176
GEORGIA DEPT OF PUBLIC HEALTH,3164
UNITED STATES,3164
LABO MYLAB,3161
FRANCE,3161
AFK IMUNOTECH LTDA,3156
BRAZIL,3156
MICROVET MICR VETERINARIA ESPECIAL LTDA,3155
BRAZIL,3155
LEMIX CO LTD,3145
ISRAEL,3145
ESTAR CENTRO,3134
ITALY,3134
GCABA HOSPITAL BERNARDINO RIVADAVIA,3130
ARGENTINA,3130
NUTRILAB BV,3124
NETHERLANDS,3124
WEST VALLEY MVCD,3120
UNITED STATES,3120
MEMORIAL REGIONAL HOSPITAL,3120
UNITED STATES,3120
USDA ARS NAA PIADC,3114
UNITED STATES,3114
IMPLELAB SRL,3114
BOLIVIA,3114
LA CITTADINA FONDAZIONE STUDI E RICERCHE,3110
ITALY,3110
LABO LIMOGES,3106
FRANCE,3106
STATE VETERINARY INST ZVOLEN,3096
SLOVAKIA,3096
SEQOMICS BIOTECHNOLOGIA KFT,3083
HUNGARY,3083
ARGENTA SP Z OO,3082
POLAND,3082
Alfresa  Shinohara  Chemicals Corp.,3076
JAPAN,3076
UNIV CATANIA,3068
ITALY,3068
FDA,3063
UNITED STATES,3063
ALVETYS,3061
FRANCE,3061
BIOBENCH SOLUTIONS,3042
INDIA,3042
UNIV DE EXTREMADURA,3040
SPAIN,3040
LAS VEGAS VALLEY WATER DISTRICT,3036
UNITED STATES,3036
QUEENS UNIV,3035
CANADA,3035
OHIO DEPT OF HEALTH,3027
UNITED STATES,3027
ARK HANDLING GROUP,3018
UNITED KINGDOM,3018
DANMARKS FODEVARE OG VETRINAERINSTITUT,3009
DENMARK,3009
*SHELL*PPD DEVELOPMENT IRELAND LTD,3000
IRELAND,3000
NÖ TIERGESUNDHEITSDIENST,2996
AUSTRIA,2996
BIOLOGICS DEVELOPMENT SERVICES,2993
UNITED STATES,2993
LFB,2981
FRANCE,2981
RACING AUSTRALIA LTD,2967
AUSTRALIA,2967
VDU ŽEMĖS ŪKIO AKADEMIJA,2966
LITHUANIA,2966
TOHO PHARMACEUTICAL CO. LTD.,2957
JAPAN,2957
MYLAB DISCOVERY SOLUTIONS PVT. LTD,2943
INDIA,2943
JBS SA,2933
BRAZIL,2933
CANTERBURY DISTRICT HEALTH BOARD,2926
NEW ZEALAND,2926
TRANS CONTINENTAL MEDICAL PRODUCTS,2918
BAHAMAS,2918
GIP LABOCEA,2901
FRANCE,2901
IST ZOOPROFILATTICO QUARTO,2899
ITALY,2899
UNIVERSIDAD AUTONOMA DE CHIHUAHUA,2891
MEXICO,2891
AZIENDA OSPEDALIERA FIRENZE,2885
ITALY,2885
DIAGNOSTICUM ZRT.,2875
HUNGARY,2875
VETEVO GMBH,2873
GERMANY,2873
LIVERPOOL SCHOOL TROPICAL MEDICINE,2869
UNITED KINGDOM,2869
MAMMOTH BIOSCIENCES,2862
UNITED STATES,2862
CENTRAL AMERICAN MERCHANDISING CORP(US),2854
NICARAGUA,2854
BADER SULTAN & BROTHERS CO. W.L.L.,2845
KUWAIT,2845
PRISTINE BIOCHEMICAL,2825
INDIA,2825
AGRICULTURE FISHERIES& CONSERVATION DEPT,2820
HONG KONG,2820
TRICIA MARIA FERREIRA DE SOUSA OLIVEIRA,2811
BRAZIL,2811
BATAVIA BIOSCIENCES INC,2804
UNITED STATES,2804
SIAL lazio 2,2802
ITALY,2802
LABAQUA,2796
SPAIN,2796
CHR LILLE,2789
FRANCE,2789
LABORATORIO VETERINARIO OSORNO SPA,2755
CHILE,2755
DNA DIAGNOSTICS CENTER HID,2746
UNITED STATES,2746
EMPIRICAL BIOSCIENCE INC,2742
UNITED STATES,2742
INIVATA LIMITED,2741
UNITED KINGDOM,2741
ALBANY MEDICAL CENTER,2723
UNITED STATES,2723
MDS,2718
SOUTH KOREA,2718
LABO DIPARTEMENTAL DANALYSES,2706
FRANCE,2706
SINOGENOMAX CO LTD,2704
CHINA,2704
GRUPO ARCOIRIS,2703
SPAIN,2703
DAIRYWISE LABORATORY SERVICES,2691
UNITED STATES,2691
MEREFELT LIVESTOCK DIAGNOSTICS,2665
NETHERLANDS,2665
STERLING WHITE HALIBUT AS,2658
NORWAY,2658
UNIV OF ALABAMA AT BIRMINGHAM,2641
UNITED STATES,2641
ROY ROMANOW PROVINCIAL LABORATORY,2639
CANADA,2639
CRA,2636
BELGIUM,981
ITALY,1655
POLICLINICO MILITARE,2596
ITALY,2596
CORPORACION PARADOX SRL,2592
DOMINICAN REPUBLIC,2592
INNOTEC SRL,2590
ITALY,2590
UNIV OF NEVADA RENO,2580
UNITED STATES,2580
UNIV OF ALASKA FAIRBANKS,2580
UNITED STATES,2580
SHANGHAI YIJIAN MEDICAL SERVICE CENTER,2568
CHINA,2568
UNIV OF SOUTHERN CALIFORNIA,2559
UNITED STATES,2559
ANGLE TECHNOLOGY LIMITED,2557
UNITED KINGDOM,2557
ADVENTHEALTH ORLANDO,2540
UNITED STATES,2540
NAVI MEDICARE PRIVATE LIMITED,2537
INDIA,2537
IDT DESSAU PROD,2531
GERMANY,2531
FADJ VIETNAM,2530
VIETNAM,2530
OESTER AGENTUR MOEDLING,2525
AUSTRIA,2525
IABS INST BRAS DES SUSTENTABILIDADE,2501
BRAZIL,2501
LIST,2498
LUXEMBOURG,2498
LDA MIDITERRANIE PYRINIES,2482
FRANCE,2482
MONVETMED LLC-BID-USD,2473
MONGOLIA,2473
MINISTERIO DA SAUDE,2465
BRAZIL,2465
CHANG GUNG UNIVERSITY,2465
TAIWAN,2465
EARLHAM INST,2463
UNITED KINGDOM,2463
DUKE UNIV MEDICAL CENTER,2450
UNITED STATES,2450
COSTOYA,2449
SPAIN,2449
LANLAB OU,2448
ESTONIA,2448
EURODYNE LTD,2430
ETHIOPIA,1870
KENYA,560
AZIENDA OSPEDALIERA TORINO,2425
ITALY,2425
LVDP,2425
FRANCE,2425
CLINICA DO LEITE LTDA,2400
BRAZIL,2400
QINGDAO UNIVERSITY,2399
CHINA,2399
DEPT OF ENVR LAND WATER PLANNING,2392
AUSTRALIA,2392
EMPRESA BRASILEIRA DE SERVICOS HOSPITALA,2380
BRAZIL,2380
KaYoudi Biological Tech (Beijing) Co Ltd,2378
CHINA,2378
US ARMY GV (US),2359
GERMANY,2359
TETRACORE INC,2353
UNITED STATES,2353
GENEX LIFE SCIENCES PVT LTD,2352
INDIA,2352
ARKANSAS LIVESTOCK & POULTRY COMMISSION,2344
UNITED STATES,2344
FADJ BID New Zealand,2341
NEW ZEALAND,2341
SHANGHAI DIPAN,2338
CHINA,2338
Shijiazhuang Huiyou Biological Technolog,2334
CHINA,2334
ARPA,2330
ITALY,2330
DANMARKS TEKNISKE UNIVERSITET,2319
DENMARK,2319
CT DIAGNOSTICO SANIDADE ANIMAL CEDISA,2319
BRAZIL,2319
MINISTERSTVO OBRANY CESKA REPUBLIKA,2303
CZECH REPUBLIC,2303
Isekyu Co. Ltd.,2299
JAPAN,2299
AFRICA BIOSYSTEMS TANZANIA LTD,2285
TANZANIA,2285
MOREDUN RESEARCH INSTITUTE,2282
UNITED KINGDOM,2282
TIBA BIOTECH,2282
UNITED STATES,2282
IANUS SA,2276
ARGENTINA,2276
NEW YORK CITY DEPT OF HEALTH,2262
UNITED STATES,2262
LABO DEPARTEMENTAL ANALYSE,2259
FRANCE,2259
BIOTECKNO SAL RESEARCH_PREP.,2248
LEBANON,2248
ASPEN,2234
NETHERLANDS,2234
QUEEN MARY HOSPITAL,2230
HONG KONG,2230
SINTEF NORLAB AS,2223
NORWAY,2223
UNIVERSIDAD AUTONOMA DE LA CIUDAD DE MEX,2209
MEXICO,2209
ADVENTHEALTH APOPKA,2205
UNITED STATES,2205
UNIV OF ROCHESTER,2204
UNITED STATES,2204
SEIMI,2203
JAPAN,2203
CEPHEID AB,2201
SWEDEN,2201
LOOMIS BASIN EQUINE MEDICAL CENTER,2198
UNITED STATES,2198
AP HP HOPITAL PAUL BROUSSE,2187
FRANCE,2187
AG DEFESA AGROPECUARIA PARANA ADAPAR,2174
BRAZIL,2174
"JINAN BOSHANG Biotechnology Co., Ltd.",2173
CHINA,2173
TRIGON,2172
CZECH REPUBLIC,2172
TAKEDA CALIFORNIA INC,2168
UNITED STATES,2168
"Hangzhou Yidan Biotechnology Co., Ltd.",2160
CHINA,2160
BIOGENESIS BAGO SA,2132
ARGENTINA,2132
INSA TOULOUSE,2128
FRANCE,2128
TIERAERZTLICHE HOCHSCHULE HANNOVER,2111
GERMANY,2111
AGRIS SARDEGNA,2107
ITALY,2107
SYNLAB BALEARES,2103
SPAIN,2103
LUNDS UNIVERSITET,2096
SWEDEN,2096
UNIV OF STELLENBOSCH,2093
SOUTH AFRICA,2093
LACTANET VALACTA,2091
CANADA,2091
CHEMIPHAR,2090
BELGIUM,2090
TECAA DE AGUASCALIENTES,2086
MEXICO,2086
BIMEDA BIOLOGICALS INC,2086
UNITED STATES,2086
LABO VET MONTPELLIER,2085
FRANCE,2085
TESSERA THERAPEUTICS INC,2079
UNITED STATES,2079
GDXLAB INC,2065
UNITED STATES,2065
HINDUSTAN BIOTECH BANGALORE,2060
INDIA,2060
MERIDIAN LIFE SCIENCE INC,2060
WESTERN EUROPE OTHER,2060
ALERE,2058
UNITED STATES,2058
FUNDACAO ARTHUR BERNARDES,2056
BRAZIL,2056
BRAMMER BIO,2050
UNITED STATES,2050
AB DIAGNOSTICO LIVEXLAB CIA LTDA,2049
ECUADOR,2049
BOEHRINGER INGELHEIM ANIMAL HEALTH USA,2046
UNITED STATES,2046
MOLECULARMD,2045
UNITED STATES,2045
GENES C AN CLINIC DIAGNOSTI VETERINAR LT,2045
BRAZIL,2045
BATTELLE MEMORIAL INSTITUTE,2043
UNITED STATES,2043
"SANCHEZ & MARTINEZ, S.A",2030
WESTERN EUROPE OTHER,2030
KAPA BIOSYSTEMS,2018
SOUTH AFRICA,2018
LABORATORIO REGIONAL LA GRANJERA,2013
SPAIN,2013
EVOTEC GOETTINGEN,2002
GERMANY,2002
MARIA APARECIDA SCATAMBURLO MOREIRA,1999
BRAZIL,1999
NONGHYUP ECONOMIC HOLDINGS LIVESTOCK LAB,1995
SOUTH KOREA,1995
Tomoda Taiyodo Ltd.,1992
JAPAN,1992
GALENVS,1975
CANADA,1975
CONICET LA PLATA IGEVET,1954
ARGENTINA,1954
SIPARADIGM LLC,1946
UNITED STATES,1946
GENOLAB DIAGNOSTICS LLC,1946
UNITED STATES,1946
GEN PROBE INC,1946
UNITED STATES,1946
UNIV OF CALIFORNIA AGRI & NAT RESOURCES,1939
UNITED STATES,1939
AMT DER NO LANDESREGIERUNG,1934
AUSTRIA,1934
FDGDON REUNION,1921
FRANCE,1921
NAVARRA SERVICIOS SA,1920
SPAIN,1920
ROSE MEDICARE PRIVATE LIMITED.,1918
INDIA,1918
Sagawa Science Co. Ltd.,1918
JAPAN,1918
ALABAMA DEPT OF PUBLIC HEALTH,1899
UNITED STATES,1899
FUNDACAO UNIVERSITARIA JOSE BONIFACIO,1896
BRAZIL,1896
N LOREM FOUNDATION,1892
UNITED STATES,1892
INCELL TECHNOLOGIES,1890
INDIA,1890
BIOTECH,1879
SLOVAKIA,1879
JAS BIOLOGICALS LTD,1873
UNITED KINGDOM,1873
Nanjing Vazyme biotech Co Ltd,1872
CHINA,1872
LUMEGEN LABORATORIES (PTY) LTD,1864
SOUTH AFRICA,1864
HZI BRAUNSCHWEIG,1864
GERMANY,1864
HOSPITAL SAN JUAN DE DIOS,1860
CHILE,1860
UNIV OF IOWA,1856
UNITED STATES,1856
NAMIKIYAKUHIN CO. LTD.,1853
JAPAN,1853
IRBA BRETIGNY,1850
FRANCE,1850
SEQIRUS PTY LTD,1850
AUSTRALIA,1850
DYNAMIC DNA LABORATORIES,1849
UNITED STATES,1849
SOLUTION FOR HEALTHCARE & MEDICAL SRVS,1846
QATAR,1846
BIONTECH SE MAINZ,1838
GERMANY,1838
UNIV OF TORONTO MISSISSAUGA,1828
CANADA,1828
CAMP4 THERAPEUTICS CORP,1824
UNITED STATES,1824
ALASKA STATE VIROLOGY LABORATORY,1824
UNITED STATES,1824
GIP CYROI,1821
REUNION,1821
PROVIDENCE MEDICAL CENTER,1821
UNITED STATES,1821
VYTAUTO DIDŽIOJO UNIVERSITETAS,1819
LITHUANIA,1819
NEW MEXICO SCIENTIFIC LABORATORIES,1811
UNITED STATES,1811
BODE TECHNOLOGY GROUP INC HID,1806
UNITED STATES,1806
sakaeyarika co. ltd.,1805
JAPAN,1805
LANDESAMT OBERSCHLEISSHEIM,1805
GERMANY,1805
EURMILTES*pdf*,1800
DENMARK,1800
EUROFINS GENOMICS EUROPE GENOTYPING A/S,1797
DENMARK,1797
TNT RESEARCH,1790
SOUTH KOREA,1790
BIOSANAPROCESS PTE LTD,1789
SINGAPORE,1789
PROTAGEN,1788
SOUTH KOREA,1788
EUROQUALITY LAB,1779
ITALY,1779
SYMBIO LAB PTY LTD,1779
AUSTRALIA,1779
AUROGENE SRL,1775
ITALY,1775
UNIVERSITÄT KLINIK ESSEN,1760
GERMANY,1760
MUNICIPALIDAD DE ROSARIO,1757
ARGENTINA,1757
CENTRO DE BIOTECNOLOGIA DOS ACORES,1753
PORTUGAL AND MADEIRA ISLE,1753
SHANGHAI EP TECHNOLOGY CO LTD,1744
CHINA,1744
NGB GENETICS SRL,1732
ITALY,1732
CONSEIL GINIRAL DE LA CREUSE,1731
FRANCE,1731
DEPARTMENT OF AGRICULTURE & FOOD WA,1725
AUSTRALIA,1725
CORRECTIONAL HEALTH SERVICES,1720
UNITED STATES,1720
MINISTRY OF NATURAL RESOURCES,1708
CANADA,1708
UNIV OF CAMBRIDGE,1698
UNITED KINGDOM,1698
UNION EXOSOMES,1686
UNITED STATES,1686
SANFORD CONSORTIUM FOR REGENERATIVE MED,1683
UNITED STATES,1683
QVADROS-BIO LLC,1683
RUSSIA,1683
SYNGENTA,1681
NETHERLANDS,1681
SOUTH KENSINGTON,1681
UNITED KINGDOM,1681
ROYAL LIVERPOOL UNIV HOSPITAL,1681
UNITED KINGDOM,1681
BIO CHENE VERT,1679
FRANCE,1679
NKAARCO DIAGNOSTICS LTD,1677
UNITED KINGDOM,1677
NATIONAL HEART & LUNG INSTITUTE,1676
UNITED KINGDOM,1676
FEDERATION POMME TERRE,1660
FRANCE,1660
AMEDES,1656
GERMANY,1656
TULANE NATIONAL PRIMATE RESEARCH CENTER,1649
UNITED STATES,1649
MARIN SONOMA MOSQUITO,1646
UNITED STATES,1646
UNIV OF CALIFORNIA IRVINE,1642
UNITED STATES,1642
GEORGETOWN UNIV,1642
UNITED STATES,1642
EHIME YOUKOU,1630
JAPAN,1630
ENFER SCIENTIFIC,1626
IRELAND,1626
UNIV PUBLICA DE NAVARRA,1624
SPAIN,1624
VETRO SCIENTIFICA SRL,1624
ITALY,1624
IEDA Trading Corporation,1624
JAPAN,1624
BEIJING XINUOGU BIOTECH CO LTD,1613
CHINA,1613
BIOTECNOLOGIA VETERINARIA DE PUEBLA,1606
MEXICO,1606
VEGEPOLYS VALLEY,1596
FRANCE,1596
IST ZOOPROFILATTICO FORLI,1595
ITALY,1595
FUNDACAO DE APOIO A TECNOLOGIA E CIENCIA,1591
BRAZIL,1591
NATIONAL VETERINARY INST,1591
SWEDEN,1591
JUNEAU BIOSCIENCES,1590
UNITED STATES,1590
ORSZAGOS ONKOLOGIAI INTEZET,1579
HUNGARY,1579
ROCHE PENZBERG,1576
GERMANY,1576
NELSON BIOLABS,1574
UNITED STATES,1574
NORTH CAROLINA MUSEUM OF NATURAL SCIENCE,1570
UNITED STATES,1570
ARIZONA STATE UNIV WEST,1570
UNITED STATES,1570
Okuma Co. Ltd.,1570
JAPAN,1570
ANIMAL DNA DIAGNOSTICS LTD,1562
UNITED KINGDOM,1562
SYNGENE INTERNATIONAL LTD. SEZ,1561
INDIA,1561
MACROGEN,1558
SOUTH KOREA,1558
GENEAL DIAGNOSTICOS LTDA,1553
BRAZIL,1553
LABORATORIO AGROAMBIENTAL FRAISORO,1551
SPAIN,1551
NEIKER ARKAUTE,1534
SPAIN,1534
VEST CRHV MEDICAL SERVICES SL,1532
SPAIN,1532
UNIV GENOVA,1531
ITALY,1531
APPLIED RESEARCH ASSOCIATES INC,1530
UNITED STATES,1530
VIRGINIA MILITARY INSTITUTE,1520
UNITED STATES,1520
LABO MONT DE MARSAN,1520
FRANCE,1520
BIOMERIEUX,1519
FRANCE,1519
NEW JERSEY FISH & WILDLIFE,1512
UNITED STATES,1512
"Shanghai Biochip Co., Ltd.",1512
CHINA,1512
MYLABS,1510
UNITED STATES,1510
ANALYTICA LABORATORIES LTD,1504
NEW ZEALAND,1504
WORLDPATHOL SL,1502
SPAIN,1502
BIOTECH AS,1499
CZECH REPUBLIC,1499
IST ZOOPROFILATTICO CREMONA,1494
ITALY,1494
LABOVET LES HERBIERS,1493
FRANCE,1493
SEC LAB SANIDAD ANIMAL,1491
CANARY ISLANDS,1491
PHE CAMR,1485
UNITED KINGDOM,1485
UNIV OF TEXAS MEDICAL BRANCH,1472
UNITED STATES,1472
PUSCHINO LABORATORIES COMPANY LTD,1470
RUSSIA,1470
ANALOGIC SOLUTIONS LTD,1459
TRINIDAD AND TOBAGO,1459
INST INV RECURSOS CINEGETICOS,1447
SPAIN,1447
CENTRO POLIDIAGNOSTICO SRL,1437
ITALY,1437
OXFORD NANOPORE TECHNOLOGIES LIMITED,1437
UNITED KINGDOM,1437
MIDWEST VETERINARY SERVICES INC,1434
UNITED STATES,1434
SIGMA HEALTH DEL ECUADOR,1433
ECUADOR,1433
GRIFFIN LABORATORIES,1421
UNITED STATES,1421
UNIV OF TASMANIA,1412
AUSTRALIA,1412
AGROBIOGEN GMBH BIOTECHNOLOGIE,1410
GERMANY,1410
VYZKUMNY USTAV VETERINARNIHO,1410
CZECH REPUBLIC,1410
SYNERGY SCIENTIFIC SERVICES,1401
INDIA,1401
ASTRAZENECA,1400
UNITED STATES,1400
INDIANA UNIV BLOOMINGTON,1393
UNITED STATES,1393
KK WOMENS & CHILDRENS HOSPITAL,1393
SINGAPORE,1393
VETFORMANCE,1387
FRANCE,1387
GENOPRIMER DIAGNOSTICO MOLECULAR LTDA,1378
BRAZIL,1378
SWAZILAND WHOLESALE PTY LTD,1378
SWAZILAND,1378
MICROBIAL RESEARCH INC,1377
UNITED STATES,1377
CN Ani Hus-Ind (G) Corp-Res Inst of Bio-,1373
CHINA,1373
HANGZHOU WS-BIO CO LTD,1367
CHINA,1367
DUPONT,1358
UNITED STATES,1358
CONICET,1355
ARGENTINA,1355
UNIV OF CRANFIELD,1354
UNITED KINGDOM,1354
TECHNOLOGY PARTNERSHIP PLC,1352
UNITED KINGDOM,1352
MIDWESTERN UNIV,1345
UNITED STATES,1345
MARGARETH DE LARA CAPURRO GUIMARAES,1339
BRAZIL,1339
FUNDACAO BUTANTAN,1339
BRAZIL,1339
ACCESORIOS PARA LABORATORIOS SA DE CV,1332
MEXICO,1332
DNA DIAGNOSTICS CENTER,1331
UNITED STATES,1331
UNIV SASSARI,1319
ITALY,1319
LABOR KNEIᬥR GMBH&CO.KG,1317
GERMANY,1317
ANSES GOUSTRANVILLE,1316
FRANCE,1316
PRAXIS MVZ/SYNLAB,1315
GERMANY,1315
LUIZ FERNANDO PEREIRA VIEIRA,1312
BRAZIL,1312
AZIENDA OSPEDALIERA AVELLINO,1311
ITALY,1311
LABOR DIAGNOSTICO MOLECULA VETERINARI LT,1307
BRAZIL,1307
FUND APOIO A PESQ DESENVOLVIMENTO FAPED,1288
BRAZIL,1288
PROGENE,1284
SOUTH KOREA,1284
FUNDACAO DE APOIO AO ENSINO PESQUISA E E,1283
BRAZIL,1283
VANESSA SALETE DE PAULA,1273
BRAZIL,1273
buzenika inc,1270
JAPAN,1270
APOLLO HOSPITALS ENTERPRISE LTD CHEN,1253
INDIA,1253
USGS,1252
UNITED STATES,1252
CVUA OWL,1251
GERMANY,1251
LUA CHEMNITZ,1236
GERMANY,1236
UCB,1230
BELGIUM,1230
HEALTHLABS,1216
UNITED STATES,1216
AERAS,1216
UNITED STATES,1216
IRD MONTPELLIER,1215
FRANCE,1215
CEA FONTENAY,1215
FRANCE,1215
WESTERN CAPE AGRICULTURAL RESEARCH TRUST,1214
SOUTH AFRICA,1214
WISCONSIN VETERINARY DIAGNOSTIC LAB,1208
UNITED STATES,1208
ALDERHEY CHILDRENS HOSPITAL,1203
UNITED KINGDOM,1203
GENEREACH BIOTECHNOLOGY CORPORATION,1197
TAIWAN,1197
MACAULAY INSTITUTE,1181
UNITED KINGDOM,1181
SANTA CLARA VALLEY HEALTH AND HOSPITALS,1179
UNITED STATES,1179
NEW JERSEY DEPT OF HEALTH,1176
UNITED STATES,1176
VIRGINIA INSTITUTE OF MARINE SCIENCE,1170
UNITED STATES,1170
UNIKLINIK KÖLN,1158
GERMANY,1158
PROANALISE VET LTDA,1155
BRAZIL,1155
CNR MILANO,1154
ITALY,1154
EMBRAPA,1152
BRAZIL,1152
CAPRICORN VETERINARY LABS (PTY) LTD,1151
SOUTH AFRICA,1151
KANSAS CITY UNIV OF MED AND BIOSCIENCES,1140
UNITED STATES,1140
MISSISSIPPI PUBLIC HEALTH LABORATORY,1136
UNITED STATES,1136
RAJIV GANDHI CTR FOR BIOTECH.,1132
INDIA,1132
ZHEJIANG UNIVERSITY,1130
CHINA,1130
MEDIMMUNE,1126
UNITED STATES,1126
WUHAN YINGJUN TECHNOLOGY CO LTD,1124
CHINA,1124
JOHN RADCLIFFE HOSPITAL,1124
UNITED KINGDOM,1124
LUA LEIPZIG,1123
GERMANY,1123
SGVECTOR PTE LTD,1116
SINGAPORE,1116
INDUSLAB,1103
BRAZIL,1103
IFREMER,1100
FRANCE,1100
ALDO ANGELO MOREIRA LIMA,1099
BRAZIL,1099
MISSOURI DEPT OF HEALTH,1099
UNITED STATES,1099
BREATHITT VETERINARY CENTER,1094
UNITED STATES,1094
BLUTEST LABORATORIES LTD,1092
UNITED KINGDOM,1092
NAVY MEDICAL RESEARCH CENTER,1084
UNITED STATES,1084
NEVADA STATE PUBLIC HEALTH LABORATORY,1084
UNITED STATES,1084
FAPESP FUNDACAO DE AMPARO,1084
BRAZIL,1084
DC PUBLIC HEALTH LABORATORY,1084
UNITED STATES,1084
ARIZONA DEPT OF HEALTH SERVICES,1084
UNITED STATES,1084
SANPARKS VETERINARY WILDLIFE,1078
SOUTH AFRICA,1078
STEMNOVATE LTD,1077
UNITED KINGDOM,1077
OLD ROAD CAMPUS RESEARCH BUILDING,1077
UNITED KINGDOM,1077
LABO ANALYSES PUMONTE,1076
FRANCE,1076
MILWAUKEE BUREAU OF LABORATORIES,1075
UNITED STATES,1075
UNIV FERRARA,1073
ITALY,1073
WESTSIDE VETERINARY SERVICES,1072
UNITED STATES,1072
CITY OF MILWAUKEE HEALTH DEPT,1071
UNITED STATES,1071
BASF LIMBURGERHOF,1064
GERMANY,1064
FUNDACION ARGENINTA,1060
ARGENTINA,1060
BIOMED DIAGNOSTICS INC,1056
UNITED STATES,1056
APM,1054
FRANCE,1054
M R S  SCIENTIFIC,1052
ZAMBIA,1052
NEXTGEN LIFE SCIENCES,1046
INDIA,1046
TEMASEK LIFE SCIENCE LABORATORY,1045
SINGAPORE,1045
UNIV OF HAWAII AT MANOA,1042
UNITED STATES,1042
R&D SYSTEMS INC,1040
UNITED STATES,1040
MYELOID THERAPEUTICS,1040
UNITED STATES,1040
HERRIN HOSPITAL,1040
UNITED STATES,1040
LABO DEPARTEMENTAL ANALYSES CORSE,1037
FRANCE,1037
ROLLINS ANIMAL LABORATORY,1034
UNITED STATES,1034
Kiko Tech Co. Ltd.,1034
JAPAN,1034
CECAV,1032
SPAIN,1032
BUNDESINSTITUT,1032
GERMANY,1032
DERMA INNOVATE,1032
SPAIN,1032
BIOVA FRANCE  SAS,1032
FRANCE,1032
3d Biomedicine Science & Technology,1030
CHINA,1030
THERMO FISHER (SUZHOU) TECHNOLOGY R & D,1029
CHINA,1029
UNIV OF TEXAS MD ANDERSON CANCER CENTER,1022
UNITED STATES,1022
TENXBIOTECH LLC,1022
UNITED STATES,1022
JUST INC,1016
UNITED STATES,1016
NOVO NORDISK,1013
DENMARK,1013
IMMUCELL CORP,1012
UNITED STATES,1012
UA,1009
BELGIUM,1009
PETNOMIC,1005
SPAIN,1005
TECLAB DA AMAZONIA COMERCIO DE EQUIPAMEN,1004
BRAZIL,1004
AZ TURNHOUT,1004
BELGIUM,1004
KCDC,1001
SOUTH KOREA,1001
IBSA INSTITUT BIOCHIMIQUE SA,1000
SWITZERLAND,1000
BIO X DIAGNOSTICS,995
BELGIUM,995
GLAXOSMITHKLINE,994
UNITED STATES,994
LAWRENCE BERKELEY NATIONAL LABORATORY GV,992
UNITED STATES,992
BIOAPPS KOLKATTA,990
INDIA,990
DELEGACISN PROVINCIAL DE SANIDAD,989
SPAIN,989
VN APPLIED BIO & TECHL JOINT STOCK CO,980
VIETNAM,980
EPFL,980
SWITZERLAND,980
CHELAB S.R.L.,970
ITALY,970
SENDAI WAKO PURE CHEMICALS LTD,959
JAPAN,959
CVUA FREIBURG,958
GERMANY,958
CAS WUHAN INST OF VIROLOGY,954
CHINA,954
UNIV ABERYSTWYTH,953
UNITED KINGDOM,953
PARTNERSCHAFTSPRAXIS,951
GERMANY,951
UNIV OF GLASGOW,949
UNITED KINGDOM,949
UNIV TECNICA LISBOA,945
PORTUGAL AND MADEIRA ISLE,945
MED UNIV WIEN,938
AUSTRIA,938
NEW ENGLAND BIOLABS INC,938
UNITED STATES,938
INOVALYS SAINT AVE,933
FRANCE,933
SOUTHWEST MOSQUITO,919
UNITED STATES,919
VERMONT AGRICULTURAL & ENVIRONMENTAL LAB,918
UNITED STATES,918
VETWELL SRO,917
SLOVAKIA,917
LE QUERE,913
FRANCE,913
MOLARRAY RESEARCH INC,907
CANADA,907
SHANGHAI XIHUA TESTING CO LTD,904
CHINA,904
UKE,900
GERMANY,900
ABBVIE INC,882
UNITED STATES,882
NORTHWEST MOSQUITO & VECTOR CONTROL DIST,881
UNITED STATES,881
COLORADO DEPT OF PUBLIC HEALTH,880
UNITED STATES,880
CIRAD GUADELOUPE,869
GUADELOUPE,869
NOVARTIS INSTITUTE FOR BIOMEDICAL RES,864
UNITED STATES,864
UNIVERSITÄT KLINIK FRANKFURT,862
GERMANY,862
IMPACT OMICS,862
BELGIUM,862
BIOLABTECH SOLUTIONS,854
INDIA,854
WAVESENSE LLC,854
UNITED STATES,854
EXPONENT INC,854
UNITED STATES,854
HILMAR CHEESE CO,854
UNITED STATES,854
ELIXIR DIAGNOSTICS,854
UNITED STATES,854
RANDOXTEORANTA,849
IRELAND,849
TRIEMLI   SPITAL,846
SWITZERLAND,846
LABORVET AG,844
SWITZERLAND,844
JANSSEN BIOTECH INC,842
UNITED STATES,842
EUROFINS BIOMNIS LYON,842
FRANCE,842
SAMP HEALTH LLC,841
UNITED STATES,841
UNIVERSITÄT FREIBURG,836
GERMANY,836
ENVIRONMENT AND CLIMATE CHANGE CANADA,833
CANADA,833
V BIOT BIOTECNOLO DIAGNOST MOLECU EIRELI,831
BRAZIL,831
UNIV OF TEXAS SOUTHWESTERN MEDICAL CTR,829
UNITED STATES,829
Daiichikikai Co. Ltd.,827
JAPAN,827
Nikkyo Technos Co. Ltd,820
JAPAN,820
GLOBAL HEALTH LABS,806
UNITED STATES,806
DERMTECH OPERATIONS INC,806
UNITED STATES,806
BIOMARIN PHARMACEUTICAL INC,806
UNITED STATES,806
IST SPERIMENTALE CATANIA,805
ITALY,805
IST ZOOPROFILATTICO MANTOVA,803
ITALY,803
UNIV TERAMO,802
ITALY,802
LIFECELL INTERNATIONAL PVT LTD.,793
INDIA,793
UNIV OF LIVERPOOL,791
UNITED KINGDOM,791
AGILE LIFE SCIENCES,782
UNITED KINGDOM,782
NUTCRACKER THERAPEUTICS INC,780
UNITED STATES,780
GRECARGO,780
MEXICO,780
UNIV OF CALIFORNIA BERKELEY,770
UNITED STATES,770
UG - VIB QUOTE,767
BELGIUM,767
LUNA INNOVATIONS INC,760
UNITED STATES,760
GREENLIGHT BIOSCIENCES,760
UNITED STATES,760
AVIAGEN LIMITED,760
UNITED KINGDOM,760
STEMCELL TECHNOLOGIES CANADA INC,750
CANADA,750
TULARE COUNTY PUBLIC HEALTH LAB,747
UNITED STATES,747
LANCET LABORATORIES PTY LTD,742
SOUTH AFRICA,742
KANSAS DEPT HEALTH & ENVIRONMENTAL LAB,715
UNITED STATES,715
333 CORPORATE 1998 S.L.,715
SPAIN,715
NACALAI TESQUE INC.,707
JAPAN,707
MOUNT SINAI MEDICAL CENTER,705
UNITED STATES,705
FAKULTNI NEMOCNICE KRALOVSKE,701
CZECH REPUBLIC,701
FASTDETECT INC,700
UNITED STATES,700
MONOGRAM BIOSCIENCES INC,695
UNITED STATES,695
TOURO COLLEGE,694
UNITED STATES,694
UNIV OF VERMONT,693
UNITED STATES,693
ASS REGIONALE ALLEVATORI BASILICATA,689
ITALY,689
UNIV OF CALIFORNIA SAN DIEGO,682
UNITED STATES,682
CENTRUM ONKOLOGII - INSTYTUT,681
POLAND,681
UNIV OF NORTH CAROLINA AT CHARLOTTE,676
UNITED STATES,676
XINNIAN MEDICINE TECH SUZHOU CO LTD,675
CHINA,675
LUMC,674
NETHERLANDS,674
UNIV OF NEW MEXICO,674
UNITED STATES,674
ASURAGEN INC,674
UNITED STATES,674
GENEDAN,670
SPAIN,670
COMMONWEALTH OF PENNSYLVANIA,666
UNITED STATES,666
"Shaanxi Lifegen Co., Ltd.",655
CHINA,655
PAULO HENRIQUE JORGE DA CUNHA,654
BRAZIL,654
EUROFINS FORENSIC SERVICES,649
UNITED KINGDOM,649
UNIV OF DUNDEE,647
UNITED KINGDOM,647
ANTECH DIAGNOSTICS,646
UNITED STATES,646
IMOGENA,644
POLAND,644
SINTER S A,638
NICARAGUA,638
LIVIA MELO VILLAR,635
BRAZIL,635
UNIV OF COVENTRY,633
UNITED KINGDOM,633
Shibata Irika Co. Ltd.,632
JAPAN,632
KOKUSAN CHEMICAL Co. Ltd.,632
JAPAN,632
XING YIANG (SHANGHAI) BIOTECH CO LTD,631
CHINA,631
ADGEN LTD,631
UNITED KINGDOM,631
LANDESAMT ERLANGEN,630
GERMANY,630
UNIVERSIDAD CARDENAL HERRERA CEU,625
SPAIN,625
PHARMAQ,620
NORWAY,620
INVENTA SYSTEMS AMD.,619
INDIA,619
EVOTEC HAMBURG,619
GERMANY,619
LONG BEACH PUBLIC HEALTH LABORATORY,617
UNITED STATES,617
LUMORA LTD,616
UNITED KINGDOM,616
ASSCOMCENSUD,610
FRANCE,610
SENCKENBERG FORSCHUNGSINST.& NATURMUSEUM,603
GERMANY,603
ANA LUIZA TEIXEIRA SILVA,603
BRAZIL,603
SOUTH AUSTRALIAN MUSEUM,600
AUSTRALIA,600
LMU KLINIKUM (GH+IN),598
GERMANY,598
SAN DIEGO ZOO HOSPITAL,590
UNITED STATES,590
ALDEVRON,589
UNITED STATES,589
STEIRISCHE LANDESREGIERUNG,580
AUSTRIA,580
BIOLOGIC TECHNOLOGIES LTD,579
UNITED KINGDOM,579
IST ZOOPROFILATTICO LODI,577
ITALY,577
BIANCA DA SILVA ALMEIDA,577
BRAZIL,577
INRAE TOULOUSE,570
FRANCE,570
JOHNS HOPKINS UNIV APPLIED PHYSICS LAB,563
UNITED STATES,563
SARTORIUS STEDIM BIOOUTSOURCE LTD,561
UNITED KINGDOM,561
PAKISTAN HOSPITAL AND INDUSTRIAL LAB,558
PAKISTAN,558
UG - VETERINARY MEDICINE,558
BELGIUM,558
UNIV OF WINDSOR,557
CANADA,557
RENATA BENICIO NEVES FUVERKI,556
BRAZIL,556
DEPT OF JOBS PRECINTS AND REGIONAL,551
AUSTRALIA,551
LUIZA AMARAL DE CASTRO,548
BRAZIL,548
LABORATORIOS SYVA,546
SPAIN,546
COOPERATIVA AGRARIA AGROINDUSTRIAL,539
BRAZIL,539
SOUTHWEST REGIONAL PCR LLC,536
UNITED STATES,536
SYMBIO SCIENTIFIC PVT LTD,534
INDIA,534
ANSES REUNION,530
FRANCE,530
UNIVERSITÄT KLINIK TÜBINGEN,527
GERMANY,527
GUANGZHOU WEIYUAN GENE TECHNOLOGY CO LTD,524
CHINA,524
UNIV HOSPITAL OF WALES,523
UNITED KINGDOM,523
SHERLOCK BIOSCIENCES,520
UNITED STATES,520
EUROFINS BIOPHARMA PRODUCT TESTING,520
UNITED STATES,520
ALTOS LABS,520
UNITED STATES,520
QIMR BERGHOFER MED RES INST,519
AUSTRALIA,519
NIOH,518
SOUTH AFRICA,518
OSP S CUORE DON CALABRIA,517
ITALY,517
KOREA UNIV,517
SOUTH KOREA,517
YINGSI (BEIJING) MEDICAL DEVICES CO LTD,514
CHINA,514
FARAM E.A. LIMITED,511
KENYA,511
IBERFAR,509
PORTUGAL AND MADEIRA ISLE,509
WUHAN YONGFENG BIOTECHNOLOGY CO LTD,508
CHINA,508
EUROFINS DIATHERIX LABORATORIES LLC,506
UNITED STATES,506
NOVAVAX INC,505
UNITED STATES,505
INSIGHT GENETICS INC,505
UNITED STATES,505
ARIZONA STATE UNIV,505
UNITED STATES,505
ENGENDER TECHNOLOGIES LTD,498
NEW ZEALAND,498
JUMPCODE GENOMICS,497
UNITED STATES,497
NELSON BIO RESEARCH CENTER INC,490
UNITED STATES,490
MASSACHUSETTS INSTITUTE OF TECHNOLOGY,490
UNITED STATES,490
RIVERSIDE UNIV HEALTH SYSTEM MEDICAL CTR,486
UNITED STATES,486
VWR INTERNATIONAL,485
BELGIUM,485
NORTHEASTERN UNIV,484
UNITED STATES,484
ULG,479
BELGIUM,479
CHONGQING JINFEI TECHNOLOGY CO LTD,477
CHINA,477
FRIBIN SAT 1269 RL,477
SPAIN,477
LUCID MEDICAL DIAGNOSTICS,472
UNITED STATES,472
GENETIC VISIONS INC,469
UNITED STATES,469
CELLTECHGEN LLC,469
UNITED STATES,469
CELLUM BIOMEDICAL INC,469
UNITED STATES,469
SAN JOAQUIN PUBLIC HEALTH,467
UNITED STATES,467
BREAKTHROUGH GENOMICS,467
UNITED STATES,467
CIRC BIO INC,467
UNITED STATES,467
PLACER MOSQUITO & VECTOR CONTROL DIST,466
UNITED STATES,466
USDA ARS ABADRU,464
UNITED STATES,464
NIRAV BIOSOLUTIONS PUNE,463
INDIA,463
LABORATOIRES DES PYRENEES ET DES LANDES,463
FRANCE,463
LANZHOU VETERINARY RSRCH INST CAAS,461
CHINA,461
AGDIA INC,458
UNITED STATES,458
BIOFIRE DIAGNOSTICS INC,458
UNITED STATES,458
IFAPA CENTRO AGUA DEL PINO,458
SPAIN,458
UNIV OF ARKANSAS AT PINE BLUFF,457
UNITED STATES,457
AP HP HOPITAL TROUSSEAU,457
FRANCE,457
GENETICS COMPANY,455
JORDAN,455
ALLIC,452
SPAIN,452
NATIONAL TAIWAN UNIV HOSPITAL(WEST SITE),452
TAIWAN,452
BIO DIAGNOSTIX LABOR GMBH,451
GERMANY,451
LAB PROVINCIAL DE SANIDAD ANIMAL,450
SPAIN,450
Shanghai J&H Biotechnology Co Ltd,449
CHINA,449
UNIV OF NEBRASKA OMAHA,441
UNITED STATES,441
CAPSIDA INC,441
UNITED STATES,441
LABOR IM ÖKOMPARK GMBH & CO KG,435
GERMANY,435
IMEC,433
BELGIUM,433
"Kunming Haining Technology Co., Ltd.",433
CHINA,433
GLOWNY INSPEKTORAT OCHRONY ROSLIN,431
POLAND,431
UNIV URBINO,429
ITALY,429
BRISTOL MYERS SQUIBB CO,428
UNITED STATES,428
USTAV ORGANICKE CHEMIE A BIOCHEMIE,428
CZECH REPUBLIC,428
CERTIS ONCOLOGY SOLUTIONS,427
UNITED STATES,427
AZIENDA OSPEDALIERA PALERMO,417
ITALY,417
SURREY MEMORIAL HOSPITAL,416
CANADA,416
HANZEHOGESCHOOL,413
NETHERLANDS,413
MARCELO HENRIQUE SANTOS PAIVA,401
BRAZIL,401
SCHAFZUCHTVEREIN JAKOBSCHAF SCHWEIZ,398
SWITZERLAND,398
CHROME – WORLD MIDDLE EAST FZC,398
UNITED ARAB EMIRATES,398
DDL DIAGNOSTIC LABORATORY,392
NETHERLANDS,392
SIXFOLD BIOSCIENCE LTD,392
UNITED KINGDOM,392
CAMENA BIOSCIENCE,392
UNITED KINGDOM,392
SALZBURGER LANDESKRANKENHAUS (SALK),387
AUSTRIA,387
PICTURA BIO,382
UNITED KINGDOM,382
COLORADO DIVISION OF WILDLIFE,381
UNITED STATES,381
UNIVERZITA PAVLA JOZEFA SAFARIKA V KOSI,380
SLOVAKIA,380
YALUMBA WINE COMPANY,379
AUSTRALIA,379
DIBIT,379
ITALY,379
UNIV TRENTO,377
ITALY,377
NATIONAL UNIV OF SINGAPORE (DBS),372
SINGAPORE,372
HANGZHOU BAILAIBO TECH CO LTD,367
CHINA,367
IPDVET INST PES DIAGNOSTIC VETERINARI LT,366
BRAZIL,366
MERCK HEALTHCARE KGAA,364
GERMANY,364
UNIVERSIDAD PLAYA ANCHA,362
CHILE,362
AID KOREA,359
SOUTH KOREA,359
THE HONG KONG POLYTECHNIC UNIVERSITY,351
HONG KONG,351
SIGMA ALDRICH CO,337
UNITED STATES,337
QUEENS COLLEGE,337
UNITED STATES,337
JUNO DIAGNOSTICS,337
UNITED STATES,337
OULUN YLIOPISTO,335
FINLAND,335
THE CHINESE MED OF HEALTH,329
TAIWAN,329
SEQONCE BIOSCIENCES LLC,327
UNITED STATES,327
ORGANOGENESIS INC,324
UNITED STATES,324
VIDAVET LABOR ANALISES VETERINARIA LTDA,320
BRAZIL,320
COLD SPRING HARBOR LABORATORY,318
UNITED STATES,318
ARIZONA GAME & FISH DEPT,318
UNITED STATES,318
CHRIS RICHARDS & ASSOCIATES PTY LTD,306
AUSTRALIA,306
GÖTEBORGS UNIVERSITET,305
SWEDEN,305
CARLOTA DE OLIVEIRA RANGEL YAGUI,301
BRAZIL,301
MCMASTER UNIV,297
CANADA,297
BERKELEY LIGHTS INC,296
UNITED STATES,296
UNIV PIEMONTE ORIENTALE NOVARA,294
ITALY,294
AMT FÜR LÄNDLICHE RÄUME,294
GERMANY,294
RIDGE PHARMA COM DE MEDICAMENTOS LTDA,282
BRAZIL,282
WYOMING STATE CRIME LABORATORY HID,281
UNITED STATES,281
MIB DIENSTLEISTUNG GMBH,279
GERMANY,279
"Shenzhen Bioscience Biotechnology co., L",276
CHINA,276
SICHUAN WEIAOXINCHENG BIOTECH CO LTD,272
CHINA,272
LABORATORIO DR ECHEVARNE,270
SPAIN,270
NEOTRON SPA,270
ITALY,270
SDBIOSENSOR,268
SOUTH KOREA,268
MATERIALS & MACHINES CORP,266
UNITED STATES,266
BEIJING TRANSGEN BIO-TECH  CO LTD,266
CHINA,266
ANA PAULA FLAMINIO,264
BRAZIL,264
LOUISVILLE METRO DEPT OF PUBLIC HEALTH,263
UNITED STATES,263
GRACE SCIENCE LLC,263
UNITED STATES,263
EMERITUSDX,263
UNITED STATES,263
RICE UNIV,260
UNITED STATES,260
VINTA BIO INC,260
UNITED STATES,260
VIR BIOTECHNOLOGY INC,260
UNITED STATES,260
SAGUARO HEALTH & SECURITY LLC,260
UNITED STATES,260
REDBUD LABS,260
UNITED STATES,260
PRECISION FOR MEDICINE INC,260
UNITED STATES,260
MITOSCIENCES INC,260
UNITED STATES,260
3D MEDICINES BIOMEDICAL TECHNOLOGIES INC,260
UNITED STATES,260
ABL INC,260
UNITED STATES,260
ARBUTUS BIOPHARMA,260
UNITED STATES,260
ARTIVA BIOTHERAPEUTICS INC,260
UNITED STATES,260
"FANSHENGZI Biotechnology Co., Ltd.",257
CHINA,257
BEST MED DIAGNOSTIC TECH (BEIJING) CO,257
CHINA,257
UNIV OF CANBERRA,252
AUSTRALIA,252
AUSTRALIAN WATER QUALITY CENTRE,252
AUSTRALIA,252
GIE URIANE,251
FRANCE,251
SARTORIUS KOREA BIOTECH,250
SOUTH KOREA,250
KAROLINSKA INSTITUTET,250
SWEDEN,250
CTR FOR TRANSLATIONAL STEM CELL BIOLOGY,249
HONG KONG,249
SAN LUIS OBISPO COUNTY PUBLIC HEALTH CA,249
UNITED STATES,249
NEW HAMPSHIRE PUBLIC HEALTH LABORATORIES,245
UNITED STATES,245
IPSEN INNOVATION CENTER BIOLABS,245
UNITED STATES,245
GREAT LAKES MEDICAL LAB,245
UNITED STATES,245
COLORADO PARKS & WILDLIFE,245
UNITED STATES,245
CAREDX INC,245
UNITED STATES,245
CHURCHILL COUNTY BOARD OF HEALTH,245
UNITED STATES,245
EDAN DIAGNOSTICS INC,245
UNITED STATES,245
CASPR BIOTECH,245
UNITED STATES,245
ATHENA ESOTERIX LLC,245
UNITED STATES,245
HANGZHOU ZIYUE BIOTECH CO LTD,243
CHINA,243
GUANGZHOU WEIHE JUFENG BIOTECH CO LTD,243
CHINA,243
SUZHOU HUIDIAN TECHNOLOGY CO LTD,241
CHINA,241
UNIV OF VICTORIA,240
CANADA,240
UNIV OF MARYLAND,238
UNITED STATES,238
MASARYKOVA UNIVERZITA,235
CZECH REPUBLIC,235
IFOM,233
ITALY,233
ZAKLAD DIAGNOSTYKI MEDYCZNEJ SP Z OO,232
POLAND,232
IZO SRL BIOPRODUCTION,232
ITALY,232
PETER MACCALLUM CANCER CENTRE,231
AUSTRALIA,231
SHANGHAI PUBLIC HEALTH CLINICAL CENTER,229
CHINA,229
IDEXX LABORATORIES PTY LTD,229
AUSTRALIA,229
WYOMING STATE PUBLIC HEALTH LABORATORY,229
UNITED STATES,229
DRAPER LABORATORY,229
UNITED STATES,229
BETH ISRAEL DEACONESS MEDICAL CENTER,229
UNITED STATES,229
XIAMEN UNIVERSITY,227
CHINA,227
"GUANGXI ZOEY BIOTECHNOLOGY CO., LTD.",225
CHINA,225
IZO SRL RESEARCH,220
ITALY,220
KATAOKA CO LTD,220
JAPAN,220
SOLUTION ONE,218
INDIA,218
GENEX LIFE SCIENCES PVT LTD CHANDIGARH,218
INDIA,218
YALE SCHOOL OF MEDICINE,216
UNITED STATES,216
NOVARTIS INSTITUTES FOR BIOMED RES INC,216
UNITED STATES,216
CHILDRENS MERCY RESEARCH INSTITUTE,216
UNITED STATES,216
BIOMARK SOLUTIONS LLC,216
UNITED STATES,216
JEFFREY CHEAH BIOMEDICAL CNTR,215
UNITED KINGDOM,215
Imuno Science Co. Ltd.,211
JAPAN,211
ANSES MALZEVILLE,210
FRANCE,210
OREGON NATIONAL PRIMATE RESEARCH CENTER,210
UNITED STATES,210
XINHUA BIOPHARMACEUTICAL (GZ) CO LTD,209
CHINA,209
H:S APOTEKET,209
DENMARK,209
MINERVA,206
GERMANY,206
UNIVERSIDAD DE CONCEPCION,205
CHILE,205
FORTUNE BIOSCIENCE CHENNAI.,201
INDIA,201
UNIV OF WATERLOO,200
CANADA,200
MOREDUN SCIENTIFIC LTD,188
UNITED KINGDOM,188
RESEARCH AID INSTRUMENTS & SERVICES,185
INDIA,185
IBBL,184
LUXEMBOURG,184
BPRC,182
NETHERLANDS,182
JOAN LLOYD CONSULTING PTY LTD,182
AUSTRALIA,182
UNIV UTRECHT,173
NETHERLANDS,173
DEPARTEMENT DE LA VENDEE,172
FRANCE,172
SINDICATO RURAL DE CASSILANDIA,170
BRAZIL,170
UNIWERSYTET RZESZOWSKI,169
POLAND,169
TEREZINHA MARTA PEREIRA PINTO CASTINEIRA,168
BRAZIL,168
VETMED LEIPZIG,166
GERMANY,166
UNIV OF BIRMINGHAM,166
UNITED KINGDOM,166
NUI MAYNOOTH,165
IRELAND,165
EBT SYSTEMS,161
CHINA,161
DSTL,158
UNITED KINGDOM,158
LAB AGROALIMENTARIO SANIDAD ANIMAL,153
SPAIN,153
VANCOUVER ISLAND UNIV,152
CANADA,152
YOUWEI (GUANGZHOU) BIOTECHNOLOGY CO LTD,150
CHINA,150
LABO QUIMPER,149
FRANCE,149
CALIFORNIA INSTITUTE OF TECHNOLOGY,148
UNITED STATES,148
HELSE STAVANGER HF,148
NORWAY,148
LA BRASSERIE BARGE,134
FRANCE,134
CAN IDENTIFICATION SL,128
SPAIN,128
CEVA VETERINARIA LTDA,120
BRAZIL,120
STATNI VETERINARNI USTAV PRAHA,113
CZECH REPUBLIC,113
UNIQURE BV,111
NETHERLANDS,111
ASSOCIAZIONE REGION ALLEVATORI LOMBARDIA,108
ITALY,108
DNALAB SUPRIMENTOS LTDA,107
BRAZIL,107
GENOME RESEARCH LTD,106
UNITED KINGDOM,106
PMC ADVANCED TECHNOLOGY,103
UNITED STATES,103
CARNEGIE MELLON UNIV,103
UNITED STATES,103
REGENXBIO INC,100
UNITED STATES,100
EWOS CHILE ALIMENTOS LTDA,98
CHILE,98
UNIV OF WISCONSIN,97
UNITED STATES,97
ZVSP,96
GERMANY,96
WAGGA WAGGA AGRICULTURAL INSTITUTE,93
AUSTRALIA,93
DEPT OF AGRICULTURE & WATER RESOURCES,93
AUSTRALIA,93
AL HAYAT PHARMACEUTICALS,89
UNITED ARAB EMIRATES,89
SANOFI AVENTIS VITRY,87
FRANCE,87
GIBTHAI COMPANY LIMITED,80
THAILAND,80
TIERARZTRPRAXIS PILZ,80
GERMANY,80
DIRECT2PET SL,61
SPAIN,61
PEPTIDE SYNTHETICS,60
UNITED KINGDOM,60
IFN SCHÖNOW,56
GERMANY,56
PACIFIC DIAGNOSTIC LABORATORIES,52
UNITED STATES,52
GOOD MEAT INC,52
UNITED STATES,52
UKSH CAMPUS LÜBECK,49
GERMANY,49
FILK FREIBERG INSTITUTE GGMBH,46
GERMANY,46
MCGILL UNIV,45
CANADA,45
Zeesan Biotech,40
CHINA,40
JMI LABORATORIES,40
UNITED STATES,40
UNITED UTILITIES PLC,39
UNITED KINGDOM,39
JOYN BIO LLC,38
UNITED STATES,38
CENTRO INVESTIGACIONES AGRARIAS,37
SPAIN,37
CTRO INVEST AMBIENTAISLOURIZAN,37
SPAIN,37
LABORATORIOS BOTEGA LTDA,33
BRAZIL,33
ASOCIACION COLOMBIANA DE PORCICULTORES,31
COLOMBIA,31
MEDIQUESKILLS LTD,24
UNITED KINGDOM,24
MDNA LIFE SCIENCES UK LTD,11
UNITED KINGDOM,11
PRIMORDIAL GENETICS INC,10
UNITED STATES,10
FADJ JAPAN,0
JAPAN,0
UNIV DE CORDOBA,0
SPAIN,0
(blank),0
NORTH AMERICA OTHER,0
SEARA ALIMENTOS LTDA,0
BRAZIL,0
PARKS CANADA AGENCY,0
CANADA,0
PRECISION TECHNOLOGIES,0
SINGAPORE,0
INSTITUTO COLOMBIANO AGROPECUARIO,0
COLOMBIA,0
FADJ LA CCG,0
MEXICO,0
FADJ ITALY,0
ITALY,0
FADJ IRELAND,0
IRELAND,0
FADJ ST HOLDING INC,0
UNITED STATES,0
FISHER SCIENTIFIC (M) SDN BHD,0
MALAYSIA,0
FADJ NEW ZEALAND,0
NEW ZEALAND,0
FADJ PHILIPPINES,0
PHILIPPINES,0
INGENASA,0
SPAIN,0
FRED HUTCHINSON CANCER CENTER,0
UNITED STATES,0
FADJ CellzDirect EU,0
WESTERN EUROPE OTHER,0
GAMASER,0
SPAIN,0
FADJ INDONESIA,0
INDONESIA,0
FADJ GERMANY,0
GERMANY,0
FADJ REUNION,0
ASIA PACIFIC OTHER,0
FADJ BID Ireland,0
IRELAND,0
FADJ LITHUANIA,0
LITHUANIA,0
FADJ SPAIN,0
SPAIN,0
FADJ BID Other South America,0
BRAZIL,0
FADJ CROATIA,0
CROATIA,0
FADJ BID Spain,0
SPAIN,0
INNER ENTERPRISES SL,0
SPAIN,0
FADJ FRANCE,0
FRANCE,0
FADJ BID China Mainland,0
CHINA,0
"Guangzhou Goldson Biotechnology Co.,Ltd",0
CHINA,0
FADJ BID United States,0
UNITED STATES,0
FADJ COSTA RICA,0
COSTA RICA,0
FADJ CANADA,0
CANADA,0
FADJ Bangladesh,0
BANGLADESH,0
FADJ BID Australia,0
AUSTRALIA,0
BioSource CA - Pre Acq Reduc,0
CANADA,0
BioSource LA - Pre Acq Reduc,0
BRAZIL,0
BioSource EU - Pre Acq Reduc,0
UNITED KINGDOM,0
AM SCS,0
NORTH AMERICA OTHER,0
AL-FAIHA FOR LABORATORIES,0
JORDAN,0
IST ZOOPROFILATTICO TERAMO PROD,0
ITALY,0
FADJ TAIWAN,-3
TAIWAN,-3
PAULO MICHEL ROEHE,-52
BRAZIL,-52
GILIANE DA SILVA DE SOUZA CABRAL,-73
BRAZIL,-73
FADJ SOUTH KOREA,-250
SOUTH KOREA,-250
LABORATORIO SANIDAD ANIMAL ASTURIAS,-335
SPAIN,-335
V&H SURGICAL AND PATIENT CARE SUPPLIERS,-650
SWAZILAND,-650
FADJ_BRAMMER_US,-2049
UNITED STATES,-2049
LABOR TRIANON ANALISES CLINICAS LTDA,-2197
BRAZIL,-2197
FADJ MEXICO,-2991
MEXICO,-2991
DIAGNOSTICOS INTEGRALES EN PATOLOGIA ANI,-4534
MEXICO,-4534
FADJ BRAZIL,-12751
BRAZIL,-12751
DONOTUSE * ALFAGENE LDA,-47058
PORTUGAL AND MADEIRA ISLE,-47058
PRESIDIO OSP S ELIA,-65915
ITALY,-65915
FADJ CHINA,-823012
CHINA,-823012
Grand Total,111166776
